Ticker,Beta,ATR,SMA20,SMA50,SMA200,52W High,52W Low,RSI,Price,from Open,Gap
A,1.01,3.0,0.0194,0.0384,0.22690000000000002,-0.0738,1.0754000000000001,56.65,126.87,-0.012,0.005699999999999999
AAON,0.65,2.28,0.011000000000000001,0.0959,0.2638,-0.052300000000000006,0.9020999999999999,58.32,77.0,0.0174,0.0025
AB,1.46,1.16,-0.0087,0.052000000000000005,0.2403,-0.06559999999999999,1.7983000000000002,50.73,37.05,-0.0191,-0.0032
ABC,0.48,2.76,-0.0068000000000000005,0.026000000000000002,0.061500000000000006,-0.0621,0.4692,50.9,105.87,0.0025,0.0033
ABR,1.85,0.44,0.08199999999999999,0.1155,0.3973,0.0151,3.5677999999999996,67.74,16.17,0.0466,0.0052
ABT,0.72,2.64,0.0123,0.079,0.1802,-0.042800000000000005,0.9971,57.35,123.04,-0.0176,-0.0013
ACA,,1.71,0.0666,0.1142,0.3655,-0.0070999999999999995,1.3213,66.85,65.32,0.016,0.0060999999999999995
ACCD,,3.17,-0.0132,0.0223,0.262,-0.18960000000000002,0.8438,51.55,52.88,0.0101,0.0029
ACIA,0.62,1.17,0.003,0.2352,0.5482,-0.0001,0.8967,93.87,114.98,0.0011,0.0002
ACLS,1.44,2.0,0.04769999999999999,0.183,0.44520000000000004,-0.0352,2.06,60.08,39.75,0.0174,0.0167
ACMR,,9.12,0.1609,0.3258,0.5456,-0.1467,6.7467,61.38,123.56,-0.0113,0.0499
ACRS,0.67,2.15,0.0113,0.7189,3.2879,-0.168,29.285700000000002,62.18,21.2,-0.0742,0.013300000000000001
ACTG,0.78,0.65,0.2427,0.6265999999999999,1.1365,0.0,3.8571,78.07,8.5,0.0599,0.0038
ADI,1.32,4.25,0.0652,0.08710000000000001,0.28300000000000003,-0.0009,1.0715000000000001,65.41,163.8,0.0197,0.0161
ADSK,1.37,8.81,0.0297,0.0218,0.21530000000000002,-0.049,1.4358000000000002,54.77,305.4,0.0121,0.0034000000000000002
ADTN,1.39,0.78,-0.0424,0.013000000000000001,0.2854,-0.1268,2.3562,47.78,16.11,0.0353,0.0026
ADUS,0.62,3.63,-0.03,0.0019,0.16760000000000003,-0.0883,1.7272,45.15,117.61,0.0060999999999999995,0.0007000000000000001
AEIS,1.83,4.92,-0.0203,0.0165,0.3505,-0.1358,2.2504,48.99,108.5,0.0078000000000000005,0.015
AEYE,2.73,3.52,0.2948,0.516,1.3512,-0.0883,19.8505,67.36,40.45,0.023,0.0458
AGCO,1.29,4.18,0.0669,0.1414,0.5605,-0.0074,2.5075,62.62,123.92,0.0518,0.0239
AGIO,1.67,2.57,0.0199,0.1475,0.1772,-0.11449999999999999,0.8787,54.56,52.18,0.0292,0.0072
AGNC,1.0,0.25,0.0195,0.043899999999999995,0.1517,-0.1623,1.6336000000000002,62.37,16.46,0.016,0.0062
AGO,1.1,1.02,0.0528,0.1288,0.42469999999999997,-0.1531,1.8959000000000001,66.9,39.5,-0.0068000000000000005,0.0076
AGRO,1.25,0.26,0.050199999999999995,0.149,0.5506,-0.0223,1.5196,66.93,8.34,0.0158,0.0
AGX,0.57,1.44,0.08560000000000001,0.071,0.14029999999999998,-0.0904,0.6928,65.72,48.5,-0.0148,0.0018
AKTS,1.59,1.19,-0.0362,0.16690000000000002,0.6772,-0.1734,3.2100999999999997,52.62,15.83,0.058899999999999994,0.0060999999999999995
ALG,0.99,3.85,0.05,0.0819,0.3104,0.008100000000000001,1.1964,64.1,155.92,0.0327,0.0062
ALGM,,1.72,-0.018500000000000003,0.0383,0.1211,-0.1306,0.7959,50.23,30.14,-0.012,0.0069
ALGN,1.72,21.3,0.047,0.091,0.5715,-0.0555,3.6860000000000004,57.75,599.25,0.005600000000000001,0.0015
ALLT,0.65,0.96,0.1047,0.2443,0.4399,-0.0858,1.4658000000000002,60.81,15.88,0.018600000000000002,0.0058
ALNY,1.3,8.69,-0.032,0.042300000000000004,0.09759999999999999,-0.1309,0.8249,48.89,155.06,0.0192,0.0127
ALRM,1.21,3.96,0.0077,0.0287,0.41979999999999995,-0.0863,2.1028000000000002,51.47,99.29,0.0073,0.009000000000000001
ALTG,,0.37,0.0245,0.060700000000000004,0.254,-0.0447,1.9163999999999999,54.82,10.47,0.0275,-0.0097
ALTM,3.93,2.37,0.0227,0.0697,1.1638,-0.0652,4.584,55.47,52.49,0.0054,0.0105
ALTR,,2.62,0.0226,0.0547,0.3654,-0.0802,1.7378,53.65,63.08,0.0277,0.005699999999999999
ALXN,1.22,2.16,-0.006500000000000001,0.0187,0.2688,-0.0436,1.1399,51.06,155.51,-0.0085,-0.0046
AMAT,1.49,5.21,0.1229,0.22579999999999997,0.6761,-0.0138,2.2603999999999997,66.96,119.46,-0.0183,0.0728
AMED,0.73,9.61,-0.023399999999999997,0.0032,0.2207,-0.10039999999999999,1.1999,46.43,292.48,-0.0012,-0.0021
AMKR,1.79,1.37,0.2432,0.377,0.758,-0.09210000000000002,3.3832999999999998,68.94,23.67,0.009000000000000001,0.0245
AMRC,0.49,3.43,0.03,0.1476,0.7128,-0.085,3.8042000000000002,55.95,64.28,0.0202,0.0048
AMRX,1.3,0.28,0.0687,0.1605,0.245,-0.08900000000000001,1.3458,63.06,5.63,0.0072,-0.0070999999999999995
AMSC,1.26,2.24,-0.0127,0.0455,0.7445999999999999,-0.1825,4.9045,51.29,25.98,0.0527,0.0194
AMYT,,0.48,0.040999999999999995,0.069,0.1641,-0.0639,0.8367,61.01,14.51,0.0014000000000000002,0.0063
AMZN,1.12,71.16,-0.0148,0.0064,0.0643,-0.0851,0.9987,47.84,3249.9,-0.0235,0.0
ANSS,1.24,9.94,0.0463,0.08109999999999999,0.2266,-0.0431,0.9762000000000001,60.92,395.37,0.010700000000000001,0.0036
AOS,1.06,1.67,0.0258,0.0483,0.1472,-0.0374,0.7642,55.4,59.64,0.016399999999999998,0.0091
AOSL,2.68,2.75,0.16879999999999998,0.3443,1.2086,-0.0956,5.6821,64.96,38.89,0.0426,0.0219
AOUT,,1.12,0.13570000000000002,0.2495,0.4335,-0.22260000000000002,0.9064,68.67,23.33,0.0467,0.0022
APH,1.27,2.75,0.0159,0.0092,0.1729,-0.0418,1.1004,52.83,132.43,0.0084,0.0045000000000000005
API,,9.18,0.2457,0.727,1.0409,-0.1469,1.919,68.23,98.08,0.0217,0.0374
APO,1.63,1.43,0.048,0.0675,0.1018,-0.0642,1.6634,60.02,51.83,0.0076,0.0063
APPF,1.17,7.21,0.061,0.0373,0.11359999999999999,-0.0667,1.1497,56.74,174.15,0.022799999999999997,-0.0034999999999999996
APPN,1.86,18.99,-0.043899999999999995,0.1416,1.1535,-0.2159,6.0127,50.89,203.86,-0.0265,-0.0334
APPS,2.53,7.1,0.1516,0.38880000000000003,1.63,-0.1303,23.416700000000002,63.99,84.97,0.0311,0.031
APTV,2.2,5.52,0.0667,0.1231,0.5353,-0.035699999999999996,4.2635000000000005,61.99,153.8,0.0161,0.013500000000000002
ARCC,,0.29,0.0092,0.0438,0.1797,-0.058499999999999996,1.2722,56.82,17.95,-0.0055000000000000005,0.0006
ARGX,,13.33,0.0851,0.18760000000000002,0.4472,-0.031200000000000002,2.5683,65.04,370.21,0.011399999999999999,-0.0006
ARW,1.58,2.81,0.023799999999999998,0.044199999999999996,0.2861,-0.027000000000000003,1.6841,57.18,105.35,0.012,0.0074
ASAN,,2.23,0.0765,0.2162,0.41509999999999997,-0.0509,1.0136,65.88,41.42,0.016399999999999998,0.0067
ASML,1.08,15.86,0.0538,0.1434,0.4557,-0.0235,2.1079,64.66,594.4,0.0043,0.0161
ASO,,1.53,0.0621,0.1736,0.36229999999999996,-0.0581,1.0871,62.09,25.15,-0.0063,0.0064
ATCO,1.17,0.44,0.109,0.1795,0.4514,-0.008100000000000001,1.4879,72.59,13.41,0.0083,0.0038
ATEC,1.7,0.76,0.0654,0.1537,0.9351999999999999,-0.0161,6.5251,65.9,16.48,-0.0036,0.0012
ATGE,1.24,1.69,0.0394,0.1412,0.2834,-0.0575,1.0916,63.58,41.33,0.0076,0.0096
ATHM,0.68,6.21,0.0998,0.2446,0.4495,-0.077,1.2892,69.77,136.3,0.0015,0.0097
ATLC,0.97,1.79,0.1686,0.2912,1.0905,0.0345,5.476,71.13,32.38,0.0479,0.0026
ATVI,0.69,2.44,0.04,0.09359999999999999,0.2336,-0.035699999999999996,0.9956,62.26,100.8,-0.0209,0.0068000000000000005
AVAV,0.48,7.35,0.0002,0.18960000000000002,0.5508,-0.1143,1.8288,55.61,127.29,0.023,0.0077
AVGO,1.04,11.0,0.0436,0.0953,0.3456,-0.0097,2.1474,65.73,489.96,0.005600000000000001,0.0083
AVLR,,7.26,0.062400000000000004,0.055099999999999996,0.25670000000000004,-0.0524,2.165,58.25,175.66,-0.0007000000000000001,0.008100000000000001
AVNT,1.66,1.56,0.0722,0.0775,0.4204,-0.0408,4.1226,61.5,44.49,0.0265,0.0058
AVNW,2.2,5.44,0.37189999999999995,0.6112,1.5719999999999998,-0.065,8.2181,78.21,65.43,0.0066,-0.004
AWK,0.23,3.34,-0.0316,0.0032,0.0797,-0.09210000000000002,0.7028,41.24,156.66,-0.0232,0.0014000000000000002
AX,1.79,1.35,0.059500000000000004,0.12619999999999998,0.585,-0.0232,2.2927,64.3,45.06,0.0264,0.0070999999999999995
AXGN,0.74,0.97,0.0971,0.1308,0.5529999999999999,-0.0086,1.8840999999999999,65.61,20.65,0.0382,0.0086
AXON,0.58,9.49,0.006999999999999999,0.19399999999999998,0.6453,-0.16649999999999998,2.5364,55.99,177.0,0.0034999999999999996,0.0151
AXTI,2.36,0.93,0.3225,0.40869999999999995,1.1767,0.1887,7.3081,73.95,15.37,0.18230000000000002,0.0753
AZEK,,1.69,0.12380000000000001,0.19649999999999998,0.3287,-0.0123,0.8291,72.81,48.19,0.020499999999999997,0.004
AZO,0.88,31.47,0.013600000000000001,0.0091,0.0361,-0.071,0.7604000000000001,52.29,1205.73,-0.0055000000000000005,0.0009
BANC,1.92,0.69,0.048499999999999995,0.1446,0.5119,-0.0455,1.9643000000000002,62.0,19.09,0.0181,0.0064
BBY,1.53,3.09,0.026600000000000002,0.0816,0.1492,-0.0552,1.453,59.44,118.0,0.0031,0.0075
BC,1.86,3.07,0.0167,0.0834,0.3358,-0.0317,2.6212999999999997,58.58,91.33,0.019,0.0059
BCC,2.06,1.8,0.0254,0.052199999999999996,0.24170000000000003,-0.0467,1.6765,55.83,51.83,0.034300000000000004,0.0095
BCRX,2.76,0.85,0.1822,0.3347,1.1326,-0.10619999999999999,6.2975,67.1,11.53,0.0482,0.018500000000000003
BCYC,,2.52,-0.0724,0.1001,0.3398,-0.2224,1.501,47.43,25.66,-0.0736,-0.0029
BEKE,,4.32,0.0591,0.0703,0.12380000000000001,-0.1261,1.1828,56.09,69.39,0.0594,0.018799999999999997
BEN,1.26,0.82,0.0263,0.0667,0.2429,-0.0378,0.8451000000000001,57.43,27.51,0.0092,0.01
BEP,,1.57,-0.009399999999999999,0.0394,0.3435,-0.0736,1.8805,51.48,46.2,0.012,0.0046
BERY,1.39,1.62,0.0525,0.0536,0.1457,-0.0621,1.2884,57.32,57.21,0.0051,0.0018
BFST,,0.67,0.0401,0.0501,0.3222,-0.15460000000000002,1.41,59.9,22.1,0.0091,0.0023
BG,0.75,2.49,0.0682,0.1161,0.4671,-0.038599999999999995,1.6338,61.34,76.38,0.0183,0.0036
BGFV,2.78,1.14,0.07629999999999999,0.2791,1.185,-0.076,22.569200000000002,62.72,15.32,0.0213,0.015600000000000001
BGNE,0.9,17.25,-0.023,0.1531,0.3973,-0.0975,1.9611,52.31,351.04,0.0177,0.0173
BILI,,10.14,0.0555,0.2919,1.3732,-0.0892,6.459700000000001,59.39,143.6,-0.021099999999999997,0.022400000000000003
BILL,,10.55,0.2054,0.27899999999999997,0.7501000000000001,-0.0599,6.8022,64.47,184.21,0.0076,0.015700000000000002
BIO,0.83,19.33,0.045,0.069,0.19390000000000002,-0.0755,1.0590000000000002,57.38,637.01,-0.0254,0.0032
BIP,0.79,1.17,0.009300000000000001,0.0316,0.1493,-0.0281,1.3144999999999998,56.7,53.2,0.018799999999999997,0.0067
BKE,1.16,1.65,0.0139,0.1433,0.7321,-0.0894,2.495,58.26,38.57,0.0042,0.008100000000000001
BLDR,2.57,1.56,-0.0096,0.0191,0.3369,-0.073,3.5456,49.28,40.91,0.0126,0.0087
BNTX,,5.0,0.0147,0.0741,0.4093,-0.11689999999999999,3.1318,55.88,115.69,0.0229,0.004
BOMN,0.64,2.67,0.33520000000000005,0.6048,1.331,-0.0007000000000000001,2.6014,87.07,46.98,0.0062,0.0181
BOX,1.28,0.67,0.013500000000000002,0.0163,0.0212,-0.1616,1.1435,52.28,18.52,-0.010700000000000001,0.0032
BR,0.86,2.97,0.0235,0.0034999999999999996,0.0895,-0.0557,0.8259000000000001,54.86,149.54,-0.0031,0.0048
BRMK,,0.21,-0.0044,0.013600000000000001,0.0775,-0.171,0.943,50.32,10.57,0.0163,0.0019
BRP,,1.22,0.0679,0.0078000000000000005,0.2193,-0.1576,2.3856,55.32,28.27,0.012199999999999999,-0.0011
BTRS,,0.96,0.10769999999999999,0.1545,0.5742,-0.0385,1.0541,66.93,19.0,0.0085,0.0021
BWB,,0.4,0.0493,0.1092,0.33880000000000005,-0.035,0.8298000000000001,65.31,14.62,0.0048,0.0007000000000000001
BX,1.29,1.41,0.0176,0.0636,0.2163,-0.029500000000000002,1.1203,63.4,69.97,0.0014000000000000002,0.0027
BXC,2.06,2.12,0.1199,0.301,1.1459000000000001,-0.0167,11.4333,68.86,44.76,-0.0143,0.0147
BZUN,1.16,3.25,0.1436,0.331,0.3937,-0.08,1.3632,65.47,52.44,-0.0074,0.043
CALX,1.54,2.04,0.059699999999999996,0.1393,0.6548999999999999,-0.0512,5.470599999999999,59.3,36.3,0.0398,0.0134
CAMT,1.63,1.27,0.1417,0.2723,0.7186,-0.0103,3.7662,74.9,29.86,0.0129,0.0129
CAPL,2.11,0.53,-0.0078000000000000005,0.0377,0.1743,-0.0475,1.7063,52.5,18.43,0.009899999999999999,0.0005
CARA,1.36,1.22,0.0229,0.1508,0.2534,-0.1137,1.2556,55.95,20.03,0.0116,-0.0055000000000000005
CASA,,0.77,0.2561,0.4156,1.0003,0.0947,4.7514,73.4,10.64,-0.0009,0.25
CATC,0.49,2.37,0.0255,0.0516,0.2621,-0.0279,0.7595000000000001,57.01,77.77,0.0141,-0.0018
CBD,1.09,0.49,0.0911,0.13419999999999999,0.2711,-0.1862,0.7572,66.09,16.5,0.018500000000000003,0.024
CBOE,,3.37,0.0263,0.030600000000000002,0.046900000000000004,-0.23739999999999997,0.3362,53.77,96.22,-0.039,0.0053
CCAP,,0.49,0.0326,0.066,0.2245,-0.0187,1.6216,60.82,16.28,0.008,0.009399999999999999
CCCC,,3.35,0.051399999999999994,0.1637,0.3283,-0.12140000000000001,0.9209999999999999,57.04,43.03,0.0073,0.0
CCEP,0.82,1.48,0.053899999999999997,0.0732,0.239,-0.0842,0.8448,62.56,52.3,-0.008,-0.0017000000000000001
CCNE,1.0,0.9,0.056299999999999996,0.0753,0.2904,-0.18489999999999998,0.7962,61.26,23.8,0.028999999999999998,0.0
CCS,1.97,2.93,0.0867,0.20559999999999998,0.4764,-0.0823,5.4403,61.99,58.22,0.0263,0.0105
CCU,0.95,0.47,0.0024,0.0665,0.1929,-0.0821,0.6063000000000001,53.68,17.22,0.008199999999999999,0.0018
CD,,1.29,0.146,0.16,0.2776,-0.09789999999999999,0.6707,66.19,21.92,0.0325,0.0086
CDNA,0.7,5.08,-0.0034999999999999996,0.0703,0.7318000000000001,-0.1481,5.522200000000001,51.26,85.05,0.0178,0.011699999999999999
CDNS,1.07,3.68,0.0167,0.0478,0.2605,-0.0632,1.7176,54.25,139.66,-0.011000000000000001,0.0121
CDXC,1.65,0.47,0.5307,0.6241,0.7071,0.0764,2.324,81.26,8.31,0.057300000000000004,0.0452
CE,1.22,3.35,0.058499999999999996,0.0378,0.2298,-0.0348,1.5658,61.65,135.22,0.022799999999999997,0.0062
CELH,2.22,5.01,0.0048,0.1512,1.2776,-0.1393,17.888199999999998,54.02,60.82,0.0212,0.0134
CENT,0.66,1.72,0.026000000000000002,0.11779999999999999,0.1796,-0.0953,0.9458,57.46,46.35,0.0024,0.0060999999999999995
CENTA,,1.68,0.0155,0.0932,0.1586,-0.0695,0.9335,56.13,41.88,-0.0019,-0.0001
CERS,1.36,0.46,0.0262,0.0202,0.1375,-0.15560000000000002,1.7638,52.6,7.49,0.0246,0.0014000000000000002
CET,,0.51,0.0518,0.0965,0.228,0.0022,0.9445,80.5,36.48,0.0036,0.0017000000000000001
CEVA,1.13,4.88,0.09369999999999999,0.31739999999999996,0.6609999999999999,-0.1631,2.4356999999999998,62.98,70.26,0.0332,0.013600000000000001
CG,1.39,0.97,0.04650000000000001,0.1119,0.2766,-0.0346,1.3997,63.72,36.5,-0.0027,0.0144
CGNX,1.66,2.92,0.0159,0.053,0.2872,-0.1413,1.5507,53.83,87.43,0.0191,0.0006
CHCO,0.67,1.64,0.0333,0.049,0.1509,-0.0593,0.4028,62.69,74.43,0.0139,-0.0007000000000000001
CHDN,1.4,7.93,0.056100000000000004,0.0693,0.3176,-0.0132,3.1374,58.73,218.87,0.012199999999999999,0.006
CHWY,,6.34,0.0665,0.1383,0.7159,-0.0504,4.5262,60.16,113.95,0.012199999999999999,0.0208
CINF,0.64,2.79,0.0898,0.1079,0.2584,-0.1578,1.0894,67.81,96.26,0.0126,0.004
CLAR,0.87,0.55,0.050499999999999996,0.1072,0.30870000000000003,-0.0144,1.2714,65.98,17.82,0.02,0.0023
CLBK,,0.42,0.034300000000000004,0.049800000000000004,0.21899999999999997,-0.0458,0.6037,64.41,16.47,0.011699999999999999,-0.0006
CLDR,1.27,0.71,0.12029999999999999,0.2605,0.5550999999999999,-0.0341,2.9265,73.88,18.69,0.011899999999999999,0.0076
CLDX,2.68,1.46,0.2552,0.42829999999999996,1.0002,0.044199999999999996,17.5933,79.06,27.89,0.0239,0.022099999999999998
CLF,2.3,0.97,0.0473,0.0933,0.9133,-0.0932,5.4715,55.59,17.02,0.0089,0.0163
CLFD,1.0,2.2,0.0602,0.23829999999999998,0.7267,-0.06860000000000001,3.3377,60.7,36.09,0.0371,0.0087
CLGX,1.15,1.82,0.10800000000000001,0.1401,0.3141,-0.013600000000000001,2.6136,81.52,89.22,-0.0126,0.0049
CLSK,3.74,4.32,0.2466,0.3411,1.9872999999999998,-0.1477,36.433,61.23,36.31,-0.0077,-0.039599999999999996
CLVT,,0.96,0.0319,0.022000000000000002,0.1065,-0.09570000000000001,1.0227,55.56,30.34,0.0083,0.001
CLXT,2.17,1.13,0.1119,0.6622,1.1417,-0.0796,3.7667,62.24,11.44,0.057300000000000004,0.0208
CMBM,,3.22,0.1177,0.37829999999999997,1.3669,-0.0363,11.056,67.05,43.04,-0.0002,0.0513
CMG,1.3,35.15,-0.0176,0.0311,0.1883,-0.0587,2.5496,49.89,1473.09,0.0031,0.0084
CNA,0.86,0.98,0.0802,0.1198,0.3125,-0.08289999999999999,0.7644,67.74,43.67,0.0011,0.01
CNOB,1.35,0.73,0.0371,0.0877,0.38020000000000004,-0.0348,1.5997,59.61,23.02,0.0181,0.0053
CNXC,,4.41,0.0123,0.054299999999999994,0.0637,-0.0771,0.42450000000000004,58.13,113.96,0.0019,0.0043
CODI,1.76,0.6,0.08289999999999999,0.12890000000000001,0.2812,-0.0084,1.1883,71.72,23.59,0.0138,0.0
COF,1.73,3.49,0.0802,0.1434,0.5036,-0.011699999999999999,2.1463,66.65,119.56,0.0083,0.0132
COOP,1.6,1.2,0.026699999999999998,0.028300000000000002,0.46270000000000006,-0.0672,6.0209,54.84,30.26,0.0223,0.0092
CRAI,1.45,2.42,0.0040999999999999995,0.0407,0.2756,-0.0757,1.5837999999999999,52.49,56.74,0.0096,-0.0018
CRL,1.11,8.84,0.0489,0.1016,0.3115,-0.046900000000000004,2.0294,60.27,289.55,-0.0126,0.0025
CRM,1.12,4.95,0.0518,0.0862,0.1211,-0.1334,1.1386,69.58,246.56,-0.0058,0.004
CRMT,1.41,4.92,0.0643,0.1293,0.37200000000000005,-0.049100000000000005,2.8448,62.27,135.26,0.0182,-0.0027
CRON,,1.12,0.048499999999999995,0.2528,0.738,-0.223,2.075,54.61,12.3,0.0441,0.0051
CRSR,,3.67,-0.0437,0.0012,0.1945,-0.2404,1.7693,46.53,39.02,-0.0003,0.0146
CRWD,,10.46,0.0696,0.12480000000000001,0.7008,-0.0481,6.4867,64.97,239.2,-0.0109,0.0108
CSGP,0.89,27.82,0.002,0.0161,0.1216,-0.0415,0.8256,51.44,913.25,-0.0134,0.0063
CSOD,1.39,1.95,0.1373,0.1597,0.3097,-0.129,1.3227000000000002,65.42,51.61,-0.0216,0.0048
CSSE,1.74,1.92,0.1388,0.37060000000000004,1.1861,-0.0536,5.6901,70.45,31.18,-0.0176,0.006999999999999999
CSTR,1.13,0.48,0.053899999999999997,0.0751,0.3325,-0.029300000000000003,1.1384,59.32,15.91,0.0392,0.0072
CSV,0.82,1.04,-0.0139,0.0501,0.4053,-0.0649,1.5451,50.76,34.46,-0.0072,0.0108
CSWC,1.23,0.47,0.1057,0.1784,0.4183,-0.0046,1.9753999999999998,83.2,21.56,0.0028000000000000004,0.0
CSWI,0.8,4.53,0.0611,0.10679999999999999,0.4826,0.0024,1.62,63.3,131.34,0.0241,0.0008
CTRN,1.62,3.43,0.19210000000000002,0.36329999999999996,1.5019,0.012,10.1776,83.66,74.89,0.023799999999999998,0.0208
CTSO,0.18,0.53,0.0383,0.17670000000000002,0.2116,-0.0588,2.0694,61.99,11.05,0.0138,-0.0009
CTVA,,1.39,0.07440000000000001,0.10550000000000001,0.39799999999999996,0.0025,1.2311,64.71,45.47,0.025,0.0036
CUBI,1.54,0.83,0.0992,0.2587,0.9259000000000001,-0.0349,2.5474,71.27,26.54,0.0141,0.0054
CURI,,1.84,0.2481,0.4653,1.0263,-0.0458,2.0780000000000003,69.63,22.9,-0.0022,0.011000000000000001
CVA,1.5,0.51,-0.0226,0.0291,0.35869999999999996,-0.11470000000000001,1.1735,48.03,14.28,0.025099999999999997,-0.0333
CVCO,1.26,7.38,0.0626,0.1313,0.1501,-0.0708,1.1729,60.94,216.38,0.0105,-0.0014000000000000002
CVLT,0.79,2.19,0.0375,0.1448,0.4752,-0.065,1.7877,63.59,67.63,-0.0029,0.0036
CWH,3.36,2.29,-0.008,0.1463,0.2826,-0.1166,10.2975,55.08,36.97,0.0,0.009000000000000001
CWT,0.14,1.34,0.0298,0.0654,0.1974,-0.0339,0.4708,60.86,58.45,-0.0014000000000000002,0.0019
CYRX,0.98,5.05,-0.0764,0.09359999999999999,0.4853,-0.23600000000000002,3.99,47.52,64.92,-0.015,-0.0034999999999999996
CZNC,0.4,0.62,0.0239,0.029500000000000002,0.1106,-0.2322,0.38939999999999997,54.2,20.73,0.0329,0.0034999999999999996
CZR,3.16,3.79,0.0738,0.08990000000000001,0.5589,-0.0096,12.814,60.11,83.16,0.0412,0.0076
DAC,1.72,3.02,0.24230000000000002,0.5019,2.467,-0.0414,14.644,69.69,39.11,0.015300000000000001,0.0349
DAVA,,2.97,0.0559,0.1144,0.41969999999999996,-0.009300000000000001,2.2062,65.12,87.24,0.0088,0.0048
DBX,,1.02,-0.0036,0.0168,0.1002,-0.0874,0.612,49.79,23.45,-0.0103,-0.0275
DDOG,,5.64,-0.0291,0.009399999999999999,0.1523,-0.1204,2.6375,47.39,105.05,-0.019,0.006500000000000001
DFIN,2.17,0.93,0.098,0.16519999999999999,0.7044,-0.0444,4.4851,65.6,22.16,0.0096,0.0032
DGII,1.82,1.12,0.0859,0.17800000000000002,0.5558,-0.07400000000000001,2.8366000000000002,62.02,23.71,0.015,0.0039000000000000003
DHI,1.63,2.55,0.0052,0.0757,0.1673,-0.0616,2.1050999999999997,55.51,79.21,0.0067,0.005600000000000001
DISH,2.0,1.15,0.0779,0.04650000000000001,0.0625,-0.21,0.9702,61.51,33.67,-0.016399999999999998,0.011200000000000002
DKNG,,3.12,0.048600000000000004,0.1297,0.4032,-0.059699999999999996,4.7462,58.31,60.91,0.013500000000000002,0.031200000000000002
DLB,0.98,1.83,0.0177,0.005699999999999999,0.2451,-0.0409,1.0989,54.14,93.78,-0.0037,0.0036
DLTH,0.86,0.7,0.0294,0.1245,0.31129999999999997,-0.1998,3.9164999999999996,56.55,13.84,0.0199,0.0104
DMS,,0.89,0.1405,0.2224,0.4825,-0.0917,1.1945999999999999,62.22,13.87,-0.0121,0.0241
DMTK,1.16,7.35,0.5202,1.1786,3.3350999999999997,-0.02,8.1784,77.21,79.76,0.1448,0.0060999999999999995
DOCU,,11.1,0.0726,0.0965,0.2864,-0.0864,3.0869,61.51,265.16,0.011000000000000001,0.0049
DOMO,,4.37,-0.0073,0.0672,0.6629999999999999,-0.1251,8.0709,52.22,69.12,0.0127,0.009899999999999999
DOYU,,1.26,0.1206,0.2666,0.2688,-0.203,1.6791999999999998,59.38,16.37,-0.0060999999999999995,0.0339
DQ,0.85,11.3,-0.036699999999999997,0.2966,1.6991999999999998,-0.1959,11.5984,52.29,104.8,-0.061500000000000006,0.040999999999999995
DRE,0.53,0.78,0.0018,0.0317,0.0834,-0.056600000000000004,0.6272,54.06,40.99,0.001,-0.0017000000000000001
DRNA,1.08,1.59,0.0866,0.1416,0.2434,-0.0375,1.3344999999999998,61.19,27.43,0.056600000000000004,0.009300000000000001
DSGX,1.13,1.53,-0.0277,0.0147,0.1041,-0.0593,1.5043,45.67,60.98,-0.0062,0.0064
DT,,2.46,0.0806,0.1791,0.3006,-0.06849999999999999,2.0924,62.79,52.88,-0.011000000000000001,0.0091
DVAX,1.41,0.92,0.188,0.5857,0.6596,-0.1905,4.5944,65.57,10.07,0.052199999999999996,0.0053
DZSI,1.59,0.87,0.0478,0.08900000000000001,0.5355,-0.0741,5.0344999999999995,57.81,17.5,0.0192,0.0018
EBAY,1.17,1.76,0.032799999999999996,0.1188,0.18230000000000002,-0.0443,1.382,62.17,61.98,-0.0191,0.0062
EBTC,0.51,0.93,0.055999999999999994,0.0703,0.212,-0.10189999999999999,0.4905,64.19,28.73,0.0346,-0.0014000000000000002
ECHO,1.15,1.17,-0.0012,0.0063,0.0967,-0.10060000000000001,0.9865999999999999,51.13,28.15,0.0326,0.0037
ECOM,1.0,1.25,0.1051,0.3322,0.5634,-0.1144,4.8381,65.1,25.63,0.009899999999999999,0.0004
EDU,1.02,6.15,0.061500000000000006,0.1017,0.25239999999999996,-0.0349,0.8896999999999999,63.01,192.77,0.0005,0.0034000000000000002
EFC,2.11,0.32,0.0248,0.045,0.2262,-0.1653,3.9247,59.3,15.96,0.0146,0.0019
EGHT,1.02,1.7,0.0518,0.11410000000000001,0.8101,-0.0368,2.5262000000000002,63.83,37.73,0.0527,0.008199999999999999
EGOV,0.37,0.99,0.1577,0.2631,0.48109999999999997,-0.0051,1.2686,77.78,35.14,0.015600000000000001,0.0034999999999999996
EGP,0.74,3.22,-0.0144,0.016200000000000003,0.075,-0.0834,0.6844,47.67,140.48,-0.0032,0.0022
ELF,2.03,0.86,0.0729,0.0725,0.2416,-0.055,2.2652,65.41,24.75,-0.0096,0.0052
ELY,2.14,1.45,-0.0395,0.0541,0.3957,-0.1378,4.9158,48.13,28.1,-0.013999999999999999,0.0375
ENSG,1.05,3.16,-0.0124,0.0388,0.4045,-0.0947,2.4763,50.14,83.64,0.0060999999999999995,-0.001
ENTG,1.26,4.08,0.0404,0.058499999999999996,0.3626,-0.07400000000000001,1.7694,57.21,105.57,0.0144,0.018799999999999997
EOLS,,1.31,0.7654000000000001,1.329,1.8444,0.1562,3.3123,82.75,12.29,0.1583,0.4818
EPAM,1.37,11.21,0.0105,0.0634,0.22640000000000002,-0.0661,1.4742,53.23,376.0,-0.0067,0.0002
ERII,1.34,0.5,0.0593,0.09849999999999999,0.5398,-0.014199999999999999,1.5025,62.54,15.29,0.0296,0.0060999999999999995
ESGR,0.68,5.02,0.0216,0.0285,0.1993,-0.043,1.2553,55.22,213.31,0.0158,0.0018
ESTC,,7.21,0.0067,0.053,0.4461,-0.0786,3.1687,53.76,162.62,-0.0108,0.035699999999999996
ETSY,1.61,12.14,0.05,0.15410000000000001,0.6774,-0.0509,6.5883,60.27,227.27,0.014199999999999999,0.0148
EVA,1.05,1.1,0.036699999999999997,0.10400000000000001,0.2782,-0.0219,1.5584,65.08,52.78,0.0129,0.0087
EVGN,,0.87,0.0949,0.42710000000000004,1.7992,-0.1776,10.2267,58.92,8.42,0.0206,0.0173
EVH,2.37,0.67,0.0258,0.1219,0.5697,-0.0446,4.5143,59.13,19.3,0.020099999999999996,0.0026
EXAS,1.44,7.83,0.020099999999999996,0.057300000000000004,0.3912,-0.0735,3.193,53.9,147.81,0.0321,0.011000000000000001
EXK,1.56,0.45,0.21030000000000001,0.2998,0.731,-0.0919,5.1919,66.31,6.13,0.0479,0.015600000000000001
EXP,1.28,3.5,0.0785,0.153,0.4393,0.0091,1.9993,71.18,125.46,0.0258,0.008199999999999999
EXPD,0.78,2.32,-0.0021,0.0005,0.0825,-0.0501,0.7781,48.61,93.44,-0.0144,0.0063
EXPI,3.21,6.7,0.11710000000000001,0.5227,2.0406999999999997,-0.2064,20.941599999999998,60.6,71.42,0.008,0.0311
FAF,1.17,1.33,0.0331,0.0662,0.11109999999999999,-0.1485,0.9366,63.4,56.86,-0.0034999999999999996,0.0053
FATE,1.66,7.28,0.11470000000000001,0.1091,1.0527,-0.0906,5.5779,62.29,110.18,0.0634,0.0148
FBHS,1.63,2.65,-0.013500000000000002,0.0004,0.1159,-0.0626,1.5826,48.35,87.55,0.014199999999999999,0.005699999999999999
FBK,1.23,0.98,0.0645,0.1119,0.39590000000000003,0.0212,1.8171000000000002,73.28,40.51,0.0258,0.0095
FBMS,1.01,0.97,0.032,0.0513,0.3292,-0.0611,1.1447,58.43,32.75,0.019299999999999998,0.0028000000000000004
FCBC,0.6,0.68,0.07429999999999999,0.0931,0.1813,-0.20829999999999999,0.4375,69.42,24.74,0.03,-0.0029
FCX,2.24,1.75,0.2437,0.32630000000000003,1.0734000000000001,0.0748,6.778,75.65,37.49,0.0681,0.0281
FDUS,,0.31,0.037200000000000004,0.059699999999999996,0.2884,-0.1045,2.1482,62.01,13.97,-0.0064,0.0021
FEYE,1.14,1.05,-0.0269,0.0149,0.3669,-0.18489999999999998,1.7599,47.09,20.81,-0.013300000000000001,0.0045000000000000005
FFG,0.13,0.74,0.0037,0.0338,0.2507,-0.0278,0.9562,57.3,56.75,0.0027,0.0016
FFIN,0.93,1.22,0.0703,0.1344,0.35619999999999996,0.012,1.1111,70.47,43.7,0.0232,0.004
FFIV,1.12,5.15,-0.0181,0.0533,0.3135,-0.0701,1.492,50.92,198.81,-0.0042,0.0031
FGEN,1.37,2.31,0.023799999999999998,0.16390000000000002,0.23370000000000002,-0.09,1.2985,60.12,52.06,-0.0070999999999999995,0.0015
FHN,1.53,0.5,0.0989,0.16579999999999998,0.4852,0.0085,1.6156,67.61,16.4,0.0373,0.0076
FINV,,0.63,0.44420000000000004,0.9643,1.9368,-0.174,4.5245999999999995,71.85,6.74,-0.11320000000000001,0.028399999999999998
FIVN,0.48,7.31,0.09759999999999999,0.1082,0.40630000000000005,0.0132,2.6273,68.12,190.47,0.0424,0.0021
FL,1.35,1.83,0.07629999999999999,0.1574,0.46380000000000005,-0.02,1.9702000000000002,67.85,51.86,-0.0023,0.0037
FLNG,,0.48,0.0467,0.0152,0.37170000000000003,-0.1578,1.6380000000000001,53.1,8.97,0.0227,-0.0288
FLNT,3.1,0.71,0.2217,0.4389,1.4043999999999999,-0.08130000000000001,6.4216,67.08,7.57,-0.051399999999999994,0.0218
FLWS,1.65,2.05,-0.0181,0.09910000000000001,0.2339,-0.2025,1.8332,52.62,31.59,-0.0079,0.0147
FMNB,0.96,0.36,0.0046,0.011699999999999999,0.1389,-0.1603,0.40840000000000004,51.51,13.83,0.0177,0.0059
FN,1.09,2.65,0.0331,0.0934,0.2748,-0.0273,1.0031999999999999,60.22,88.14,0.0138,0.0036
FNF,1.36,0.92,0.0446,0.0464,0.1943,-0.0934,1.13,61.59,40.47,0.013300000000000001,0.008100000000000001
FOR,2.11,0.75,-0.030899999999999997,0.0216,0.2073,-0.0909,1.3224,45.61,21.9,0.0083,0.0
FORM,1.43,2.2,0.0643,0.09140000000000001,0.4839,-0.0616,2.0067,58.01,49.16,0.0248,0.011200000000000002
FOUR,,3.58,0.0983,0.1476,0.5047,-0.0212,1.7277,66.24,81.83,0.0151,0.0006
FOX,,1.27,0.058899999999999994,0.0947,0.1686,-0.1418,0.6920999999999999,59.5,32.37,0.0392,0.0029
FPI,0.86,0.51,0.0317,0.1757,0.5161,-0.0374,1.295,61.93,11.59,-0.006,0.0026
FR,0.86,0.95,-0.0015,0.0124,0.037000000000000005,-0.0779,0.6358,49.9,42.35,-0.0024,0.0014000000000000002
FRC,1.1,3.94,0.08109999999999999,0.1241,0.354,0.0007000000000000001,1.3828,70.77,166.94,0.0285,0.0037
FRG,1.99,1.59,0.005600000000000001,0.1276,0.41609999999999997,-0.0526,5.2348,58.19,35.85,0.04,0.0052
FRPT,0.74,5.84,0.0385,0.10220000000000001,0.4175,-0.0712,2.951,57.34,161.16,0.0046,0.0053
FSKR,,0.43,0.0352,0.0536,0.1689,-0.0384,0.5481,63.09,18.02,0.0,0.0028000000000000004
FSV,,4.02,0.0728,0.1124,0.2584,-0.018500000000000003,1.6769,67.57,153.6,0.0134,0.006
FTCH,,4.33,0.1374,0.1711,1.084,0.023399999999999997,11.2454,67.44,73.35,0.0537,0.0074
FTHM,,4.61,0.1769,0.3432,1.0239,-0.10369999999999999,4.9106,63.91,50.92,-0.0016,0.0227
FTNT,1.08,4.49,0.1041,0.1643,0.2879,0.0225,1.4491,75.62,171.93,0.013600000000000001,0.0116
FUTU,,20.23,0.4767,1.3008000000000002,3.4691,-0.0712,22.2475,74.19,189.7,0.0085,0.09480000000000001
FVRR,,20.75,0.2234,0.3593,1.2006999999999999,-0.051500000000000004,14.6072,69.06,318.7,0.0281,0.0227
GAIN,,0.26,0.061799999999999994,0.115,0.1917,-0.1235,0.8623000000000001,73.2,11.88,-0.0017000000000000001,0.0059
GBCI,1.02,1.45,0.0443,0.09029999999999999,0.3231,-0.0111,0.9691,63.6,52.34,0.0163,0.001
GBLI,0.52,0.8,0.021,0.0225,0.1402,-0.1794,0.6715000000000001,55.62,28.36,0.013600000000000001,0.0029
GCI,2.89,0.4,0.1883,0.5061,1.643,-0.1242,8.0635,73.22,5.71,0.0382,0.0
GDS,1.13,4.09,0.053200000000000004,0.1404,0.3734,-0.009000000000000001,1.6741,65.46,115.71,0.0155,0.009399999999999999
GFF,1.95,0.8,0.023700000000000002,0.0968,0.1815,-0.1137,1.6666999999999998,56.56,24.4,0.0274,0.0038
GFL,,1.14,0.0179,0.036000000000000004,0.32289999999999996,-0.071,1.5134,54.52,29.96,0.0538,0.011699999999999999
GH,,7.46,0.056799999999999996,0.16870000000000002,0.5737,-0.0587,2.0492,62.64,170.45,0.0086,0.009899999999999999
GLOB,1.21,8.33,0.0883,0.10039999999999999,0.2883,-0.0034999999999999996,2.2424,64.31,229.66,0.0158,0.0304
GLPI,1.09,1.01,0.015,0.0239,0.133,-0.1438,2.3481,54.72,43.11,0.0108,-0.0166
GLUU,1.03,0.45,0.2148,0.29969999999999997,0.4235,-0.022400000000000003,2.1809,74.83,12.66,-0.0031,0.0032
GM,1.36,2.08,-0.015,0.09949999999999999,0.5115,-0.0785,2.6698000000000004,53.2,52.57,0.0013,0.006500000000000001
GNL,1.23,0.39,0.0436,0.0537,0.1025,-0.1677,1.0604,61.19,18.07,0.0028000000000000004,0.0028000000000000004
GNMK,3.1,1.54,0.24760000000000001,0.3468,0.4816,-0.1234,5.1548,67.73,20.68,-0.051399999999999994,0.006500000000000001
GNRC,0.99,14.56,0.2782,0.43119999999999997,0.9412,-0.0007000000000000001,3.8142,81.77,363.47,0.020099999999999996,0.0138
GO,,1.41,-0.0077,0.0338,0.0394,-0.1512,0.4756,51.29,41.48,-0.0088,0.0024
GOLF,0.87,1.17,0.0089,0.0538,0.21059999999999998,-0.071,1.1448,53.55,44.29,-0.0011,0.0
GOOD,1.03,0.46,0.0078000000000000005,0.0196,0.038900000000000004,-0.1363,1.4545,52.17,18.63,-0.0021,0.0005
GOOG,,49.63,0.0496,0.13,0.29960000000000003,-0.0239,1.0731,69.12,2101.14,-0.0086,0.001
GOOGL,1.02,50.54,0.0481,0.1278,0.29469999999999996,-0.0263,1.0704,68.48,2088.81,-0.009000000000000001,0.0009
GRMN,1.03,2.69,0.038599999999999995,0.0546,0.21989999999999998,-0.0406,1.0971,60.45,128.01,-0.0002,0.0034000000000000002
GRWG,3.12,5.17,0.0727,0.2445,1.6338,-0.1482,21.0267,56.77,57.71,0.0087,0.0225
GSHD,,7.48,0.1911,0.2975,0.7277,0.0172,3.7358,74.88,174.55,0.0472,-0.0063
GSL,1.87,1.05,0.0908,0.1252,0.895,-0.1945,4.4598,56.69,14.25,0.0326,0.0207
GTN,2.0,0.57,0.0326,0.0391,0.20440000000000003,-0.17079999999999998,1.1735,57.61,18.54,0.008199999999999999,0.0011
GTS,0.71,0.78,-0.013000000000000001,0.018600000000000002,0.14859999999999998,-0.079,1.5422,50.24,23.21,0.0026,0.0
GTYH,0.29,0.51,-0.0849,0.1481,0.7211,-0.1643,2.2037,47.21,6.92,0.0147,0.0044
GWPH,2.06,6.66,0.1635,0.4487,0.7356,-0.017,2.1452,79.69,213.81,0.0001,0.004
GWRS,0.59,0.61,0.0175,0.0704,0.37920000000000004,-0.056100000000000004,0.9976,55.14,17.0,0.042300000000000004,0.0025
HARP,,1.51,-0.04650000000000001,0.0259,0.17,-0.24230000000000002,0.8617,46.73,19.12,0.017,0.0048
HBM,,0.38,0.2659,0.20850000000000002,0.7429000000000001,0.0425,5.5772,72.28,8.09,0.0645,0.024300000000000002
HCAT,,2.02,-0.0356,0.0684,0.3653,-0.1011,1.8318,48.72,49.5,-0.0072,0.0018
HCI,0.65,1.7,0.0322,0.08529999999999999,0.18,-0.0567,0.8779,63.05,59.36,-0.005699999999999999,0.0034000000000000002
HCM,,1.45,-0.011899999999999999,0.037200000000000004,0.1298,-0.08650000000000001,1.2931,47.9,33.8,-0.0262,-0.0009
HD,1.01,5.18,0.0064,0.026699999999999998,0.0458,-0.0454,0.9884999999999999,54.3,279.64,-0.011399999999999999,-0.0006
HDB,,1.89,0.058899999999999994,0.12179999999999999,0.4633,-0.0235,1.8037,65.54,82.71,0.0219,-0.0063
HEAR,1.61,1.99,0.10710000000000001,0.3023,0.7675,-0.0739,7.1728,69.84,33.1,0.0172,0.0022
HESM,2.27,0.67,0.0116,0.0364,0.1795,-0.053899999999999997,2.8175,55.1,21.76,0.010700000000000001,0.0033
HHR,,1.14,0.0341,0.0795,0.3525,-0.043,1.6366999999999998,60.54,32.3,0.0209,0.0076
HI,1.56,1.27,0.0154,0.0697,0.3762,-0.0492,2.2807,56.36,44.65,0.0077,0.006999999999999999
HIBB,1.73,3.36,0.106,0.2296,0.7828,-0.048799999999999996,7.8363,71.66,64.77,-0.0066,0.0091
HII,0.97,4.3,0.0949,0.0805,0.0977,-0.2421,0.33490000000000003,73.13,182.13,0.0169,0.0038
HIMX,2.11,1.26,0.2373,0.6239,1.9031,-0.1572,7.711,70.44,15.07,0.0516,0.012
HLNE,0.88,3.18,0.1457,0.1814,0.32,0.042699999999999995,1.5969,74.86,94.19,0.0583,0.0045000000000000005
HMI,,1.08,0.2804,0.4289,0.5268,0.0005,1.2537,77.41,19.72,0.07,0.0199
HOLI,1.04,0.58,0.0665,0.08109999999999999,0.23079999999999998,-0.0276,0.6659999999999999,62.74,15.86,0.0063,0.0013
HOME,2.5,1.77,0.1128,0.3407,0.8748999999999999,-0.0425,21.6917,70.95,27.23,0.10060000000000001,0.0236
HOOK,,0.66,0.0109,0.0209,0.1167,-0.1243,1.0655,52.55,11.98,0.0025,0.0025
HRB,0.77,0.59,0.0377,0.13019999999999998,0.1739,-0.1894,0.7023999999999999,60.99,19.22,-0.0072,-0.0062
HRC,0.63,3.01,0.0617,0.0833,0.1072,-0.081,0.4961,63.09,108.15,0.0131,0.0017000000000000001
HSC,2.36,0.82,0.08380000000000001,0.09029999999999999,0.3209,-0.0115,3.7136,63.09,19.75,0.0233,0.0078000000000000005
HSKA,1.64,7.66,0.0358,0.16920000000000002,0.6406999999999999,-0.078,2.8142,60.02,190.71,0.021400000000000002,-0.0045000000000000005
HUBS,1.69,21.91,0.2944,0.3439,0.7990999999999999,0.0269,4.9833,81.76,543.49,0.0414,0.0084
HWKN,0.9,2.23,0.0742,0.12050000000000001,0.2546,-0.0403,1.2897,62.61,61.41,0.0137,0.0045000000000000005
HZNP,1.12,3.62,0.0793,0.1484,0.2994,-0.0315,2.7325,62.29,88.87,0.0137,0.0092
IAC,1.74,7.71,0.1173,0.312,0.9295,-0.0111,6.3683000000000005,80.32,262.15,-0.0073,0.0072
IBP,1.85,5.32,0.083,0.1537,0.389,-0.026699999999999998,3.3635,61.84,126.63,0.0449,0.0134
ICE,0.69,2.15,0.004699999999999999,0.0021,0.1134,-0.047599999999999996,0.7848,51.35,113.35,-0.0070999999999999995,0.0026
ICHR,2.31,2.2,0.13970000000000002,0.2732,0.6309,0.0131,2.4042,69.19,46.57,0.0349,0.0227
ICLK,,1.41,0.0078000000000000005,0.3868,1.0109000000000001,-0.1492,3.3218,59.26,16.25,-0.0006,0.011200000000000002
IDXX,0.9,17.54,0.07919999999999999,0.10490000000000001,0.3507,-0.052000000000000005,2.2264,64.63,544.13,-0.0304,0.0171
IIIN,1.75,1.08,0.10279999999999999,0.1978,0.5109,0.0204,2.2415000000000003,76.28,30.49,0.0311,0.0031
IIIV,,1.2,0.05,0.0558,0.183,-0.0839,1.5256999999999998,56.93,32.86,0.0111,0.006500000000000001
IIPR,1.54,9.31,0.0504,0.12960000000000002,0.6206,-0.0292,4.3362,61.27,214.57,0.026699999999999998,-0.0011
IIVI,1.6,4.66,0.0019,0.0859,0.603,-0.1012,3.7516000000000003,53.21,90.28,0.0083,0.0217
IMGN,1.45,0.71,0.21850000000000003,0.3165,0.8312,-0.1085,3.9744,63.68,9.7,0.0397,0.0032
IMKTA,0.57,1.56,0.048,0.1414,0.23809999999999998,-0.0326,0.5768,64.93,50.79,-0.0016,-0.0012
INFU,0.93,0.65,0.0507,0.0726,0.359,-0.0426,2.6711,63.44,19.31,0.0271,-0.0053
INFY,0.92,0.34,0.013500000000000002,0.04019999999999999,0.321,-0.0594,1.6538,55.24,17.94,0.0045000000000000005,0.0017000000000000001
INMD,,3.22,0.0705,0.2561,0.7548999999999999,-0.053399999999999996,4.2588,67.82,69.1,0.0060999999999999995,0.005600000000000001
INOV,0.61,1.12,-0.036699999999999997,0.1076,0.1478,-0.1217,0.8856999999999999,49.19,25.25,0.0064,0.002
INS,1.14,2.83,0.0116,0.0472,0.17350000000000002,-0.20190000000000002,0.8726999999999999,51.56,43.56,0.0204,0.0143
INSG,1.73,1.37,-0.0902,0.051,0.4224,-0.2148,3.4041,46.98,17.22,0.0159,0.0248
INSP,,10.72,0.052300000000000006,0.121,0.6607999999999999,-0.043,4.6526,60.64,229.1,0.0121,0.0104
INTU,1.03,10.32,0.0581,0.0851,0.24309999999999998,-0.0292,1.1918,63.46,411.35,-0.0048,-0.0049
IPHI,1.04,4.39,-0.002,0.0331,0.2909,-0.064,2.0608,52.69,170.55,0.0022,0.012199999999999999
IRT,0.93,0.35,0.018500000000000003,0.044000000000000004,0.1779,-0.1331,1.0698999999999999,56.87,14.2,0.0,-0.0014000000000000002
ITIC,0.96,4.49,0.0703,0.0687,0.2336,-0.08460000000000001,0.8436,62.48,163.77,0.0235,0.0001
ITMR,,1.2,-0.0229,0.10099999999999999,0.1754,-0.1576,2.124,51.68,24.43,0.0066,-0.0033
JD,0.85,3.4,0.0974,0.17579999999999998,0.4144,-0.0203,2.2443,67.68,106.09,-0.0046,0.0109
JEF,1.52,0.8,0.1155,0.1505,0.47700000000000004,-0.0143,1.5813,70.37,28.91,0.0108,0.0106
JOE,1.21,2.04,0.060700000000000004,0.1677,0.8634000000000001,-0.05,2.4469,63.45,52.82,0.0101,0.0085
JOUT,0.9,4.75,0.07690000000000001,0.136,0.39189999999999997,-0.0204,1.5956000000000001,69.04,126.56,0.0002,-0.001
JW-A,0.82,1.29,0.0992,0.1527,0.4251,0.0006,0.8083,80.32,54.25,0.009300000000000001,-0.0002
JYNT,1.09,1.87,0.09960000000000001,0.2644,0.8512000000000001,-0.022799999999999997,3.9687,71.06,38.11,0.0195,0.0019
KAMN,1.34,1.62,0.0258,0.0001,0.2065,-0.1349,0.9013,53.29,55.85,0.016399999999999998,0.006999999999999999
KC,,4.87,0.1272,0.3354,0.8793000000000001,-0.0862,3.0112,67.45,68.23,0.0184,0.0195
KDMN,1.6,0.34,0.009000000000000001,0.09849999999999999,0.17670000000000002,-0.11869999999999999,1.1957,54.77,5.05,0.0264,0.0060999999999999995
KEN,1.72,1.1,0.0085,0.054000000000000006,0.40340000000000004,-0.0383,2.1466,53.46,30.24,-0.015,0.0075
KEYS,0.96,3.92,-0.0274,0.024399999999999998,0.2724,-0.08560000000000001,0.8245999999999999,46.14,142.19,-0.048799999999999996,0.0098
KFRC,1.43,1.74,0.08070000000000001,0.1125,0.3607,0.0167,1.3794,69.98,49.01,0.0325,-0.0025
KHC,1.1,1.12,0.0928,0.1008,0.1475,-0.0444,0.8748999999999999,66.98,37.48,-0.0242,-0.0141
KKR,1.45,1.14,0.0774,0.1307,0.3073,-0.051100000000000007,2.0077000000000003,66.46,46.77,-0.0102,0.0034000000000000002
KLAC,1.29,12.73,0.0868,0.1641,0.4918,-0.0337,2.0009,64.01,330.67,0.0002,0.0168
KLIC,1.24,2.3,0.1702,0.318,0.7706000000000001,-0.0662,1.9016,70.89,49.07,-0.0348,0.0233
KLR,,1.46,0.17579999999999998,0.46549999999999997,1.1974,-0.0483,3.4553,71.65,16.93,0.061399999999999996,-0.0438
KOPN,2.38,1.36,0.591,1.6566999999999998,4.4966,-0.13,61.3684,69.88,11.85,0.09720000000000001,0.0672
KTOS,1.03,1.56,0.008199999999999999,0.0868,0.4415,-0.11320000000000001,5.05,52.36,30.25,0.0036,0.0074
KWR,1.54,8.96,0.0603,0.109,0.39149999999999996,0.0045000000000000005,1.7252,66.04,294.7,0.032400000000000005,0.0005
LAD,1.81,16.7,0.0788,0.1935,0.5922,-0.030299999999999997,5.8297,64.86,380.69,0.0222,0.0045000000000000005
LAND,0.69,0.63,0.061799999999999994,0.1561,0.193,-0.0581,0.8896999999999999,64.94,18.16,-0.023700000000000002,0.0
LASR,,2.96,0.2638,0.28859999999999997,0.6962999999999999,0.0027,3.9718,70.85,44.92,0.10369999999999999,0.011200000000000002
LB,1.74,2.22,0.09960000000000001,0.1663,0.6899,-0.0139,5.2913,63.04,50.33,0.0265,0.0045000000000000005
LCII,1.64,5.37,0.0506,0.07400000000000001,0.2323,-0.037200000000000004,1.6636000000000002,58.8,147.27,0.0235,0.0062
LE,2.65,1.98,0.0636,0.2675,1.0603,-0.0455,6.8716,63.83,31.88,0.0111,0.006999999999999999
LFUS,1.22,8.79,0.050300000000000004,0.0672,0.37439999999999996,-0.0325,1.6880000000000002,59.27,278.56,0.0317,0.0106
LGIH,1.46,4.33,0.0475,0.09050000000000001,0.1253,-0.1051,2.6061,59.62,119.0,0.0209,0.0042
LH,1.03,6.67,0.0726,0.133,0.2751,-0.024,1.5136,71.14,246.38,0.010700000000000001,0.0039000000000000003
LMAT,1.31,2.02,0.0286,0.14980000000000002,0.467,-0.0263,1.6225999999999998,65.79,49.2,0.0146,0.0004
LMND,,13.57,-0.0175,0.10300000000000001,0.7506999999999999,-0.2109,2.3686000000000003,51.03,148.59,0.0058,0.0176
LNC,2.22,1.81,0.10220000000000001,0.09630000000000001,0.36200000000000004,-0.1033,2.4487,64.13,55.56,0.023,0.0144
LOB,1.38,2.14,0.09880000000000001,0.0579,0.6711,-0.0702,5.4425,61.99,48.77,0.0287,0.0113
LOGI,0.92,3.01,0.051500000000000004,0.1419,0.4705,-0.0319,2.7108999999999996,66.7,116.41,-0.0011,0.006500000000000001
LOW,1.34,3.48,0.0254,0.062,0.1561,-0.0173,1.959,60.07,177.54,0.0002,0.002
LPRO,,2.14,0.009000000000000001,0.084,0.6177,-0.09910000000000001,3.1345,52.0,38.74,0.011200000000000002,0.008199999999999999
LPX,1.8,1.49,0.14429999999999998,0.1979,0.494,0.0292,2.6461,77.02,47.29,0.046,0.0062
LQDT,1.05,1.54,0.0232,0.0891,0.9603,-0.13419999999999999,5.365399999999999,54.92,19.16,-0.0031,0.0044
LRCX,1.34,23.42,0.10679999999999999,0.1558,0.5463,-0.0086,2.2992,65.81,598.41,0.0068000000000000005,0.0287
LSF,,3.1,0.010700000000000001,0.0208,0.0294,-0.20739999999999997,0.5545,49.82,48.19,0.0297,-0.0104
LSI,0.33,1.99,0.0005,0.0364,0.1589,-0.0437,0.8484999999999999,53.84,82.95,0.0085,0.0042
LSPD,,4.32,0.0926,0.1464,0.9383,-0.0545,8.4865,63.67,77.5,0.038900000000000004,0.0132
LUNA,1.12,0.53,0.059800000000000006,0.1561,0.6213000000000001,-0.034300000000000004,1.6888999999999998,64.43,12.1,0.021099999999999997,0.0042
MAT,1.47,0.63,0.032799999999999996,0.061,0.4545,-0.0206,1.9127,60.91,19.02,-0.013999999999999999,0.0121
MATW,1.18,0.94,0.037599999999999995,0.1052,0.39299999999999996,-0.0194,0.9929000000000001,65.25,33.9,0.0062,0.0045000000000000005
MATX,1.0,2.66,0.1232,0.18960000000000002,0.621,-0.0022,2.12,71.52,74.1,0.0297,0.0084
MAX,,3.43,0.11710000000000001,0.34409999999999996,0.4182,-0.0026,1.8141,72.65,60.84,0.005600000000000001,0.011000000000000001
MAXR,1.35,3.75,-0.0060999999999999995,0.1401,0.7907,-0.18600000000000003,5.6602,52.83,47.82,0.0436,0.0345
MBIN,1.09,1.22,0.0572,0.11019999999999999,0.4941,0.0079,1.6977000000000002,63.67,33.37,0.044800000000000006,0.005
MCFE,,1.14,-0.0316,0.0665,0.1027,-0.1206,0.3155,49.38,19.47,0.0036,-0.0060999999999999995
MCFT,2.29,1.71,-0.0018,0.04190000000000001,0.31120000000000003,-0.139,4.602,51.89,27.45,0.0159,0.0026
MDB,0.84,17.14,0.0667,0.13570000000000002,0.6033,-0.024900000000000002,3.4589999999999996,62.65,418.3,0.0227,0.0161
MDC,1.51,2.17,0.020099999999999996,0.111,0.3019,-0.06309999999999999,2.6552,57.55,57.57,0.0125,0.006
MDLA,,2.24,0.036000000000000004,0.1782,0.4229,-0.0681,1.8049000000000002,59.79,44.99,0.0058,0.012199999999999999
MED,1.52,9.57,0.0713,0.2097,0.5958,-0.04019999999999999,4.4707,71.11,268.23,-0.006,0.0109
MEDP,1.42,6.27,0.0697,0.10859999999999999,0.34850000000000003,-0.1,1.7146000000000001,61.37,159.4,-0.0298,0.0079
MEG,,2.19,0.0181,0.1174,0.3554,-0.0895,1.4680000000000002,56.41,40.5,0.028999999999999998,-0.0003
MELI,1.56,81.73,0.0131,0.07730000000000001,0.5107,-0.054299999999999994,3.5246,55.81,1910.39,0.0102,0.0
MFC,1.38,0.38,0.0383,0.0665,0.2872,-0.0183,1.2853999999999999,65.16,19.7,-0.008100000000000001,0.0091
MGIC,1.36,0.59,0.041299999999999996,0.0944,0.29969999999999997,-0.0291,1.7841999999999998,60.97,17.58,-0.0068000000000000005,0.0023
MGNI,2.66,4.58,0.2408,0.6955,2.9758,-0.09050000000000001,13.3178,67.59,58.56,0.0842,0.002
MGPI,1.52,3.28,0.0425,0.2027,0.5235,-0.0874,1.9727000000000001,59.33,64.33,-0.0129,0.0011
MGTX,,0.78,0.056299999999999996,0.058600000000000006,0.1604,-0.1353,0.8549,57.94,16.36,0.056799999999999996,0.0052
MHO,2.05,2.42,0.0163,0.1039,0.2667,-0.0751,4.5437,56.21,53.33,0.0311,0.0062
MKL,0.73,27.87,0.0449,0.0645,0.1003,-0.19030000000000002,0.5357,57.98,1091.18,0.0016,0.0038
MKSI,1.59,8.21,0.0263,0.056900000000000006,0.33990000000000004,-0.11410000000000001,1.5475,54.46,170.35,0.0246,0.0464
MMM,0.94,3.38,-0.0038,0.0139,0.07429999999999999,-0.057300000000000004,0.5481,50.75,176.54,-0.0169,0.0011
MMS,0.84,1.68,0.0319,0.07629999999999999,0.12960000000000002,-0.030600000000000002,0.7695000000000001,61.21,82.14,0.0024,0.0021
MNKD,2.29,0.47,0.3482,0.6093999999999999,1.6122,0.0008,6.6688,72.89,6.14,0.1425,0.0113
MNR,0.8,0.4,0.0040999999999999995,0.042,0.2052,-0.041299999999999996,1.1247,55.6,17.89,0.010700000000000001,0.0011
MODN,1.02,1.86,0.1161,0.16390000000000002,0.2079,-0.10769999999999999,1.8673,65.0,43.01,0.0599,0.0077
MOH,0.7,7.35,0.0313,0.028300000000000002,0.1335,-0.10490000000000001,1.1471,57.89,220.83,0.0038,0.018000000000000002
MORF,,1.94,0.0241,0.0889,0.32280000000000003,-0.11320000000000001,2.6727,54.93,36.36,0.0377,0.0037
MORN,1.08,6.71,0.0356,0.08929999999999999,0.3722,-0.0285,1.4218000000000002,63.16,248.45,0.0011,-0.0040999999999999995
MP,,3.66,0.3165,0.3917,1.3647,0.0239,3.6063,72.77,45.05,-0.0215,0.08710000000000001
MPW,0.6,0.48,0.0038,0.0217,0.1321,-0.098,0.77,52.23,21.86,0.0078000000000000005,0.006999999999999999
MPWR,0.95,15.27,0.047,0.0816,0.3603,-0.032,2.0261,58.74,393.75,0.0364,0.0108
MRNA,,10.16,0.0527,0.2065,0.9213,-0.0767,8.756599999999999,60.03,174.74,0.013000000000000001,0.0173
MRVL,1.16,1.86,-0.0018,0.0542,0.29309999999999997,-0.0684,2.1544,52.91,51.89,0.0127,0.015300000000000001
MSCI,0.92,12.48,0.0338,0.0151,0.1521,-0.0501,0.9802,55.06,432.97,-0.0147,0.0043
MSEX,0.26,2.6,-0.037200000000000004,0.021,0.1216,-0.10980000000000001,0.5677,46.23,76.49,-0.0031,-0.002
MSFT,0.81,4.37,0.0097,0.0654,0.1445,-0.021,0.8184,59.81,240.97,-0.011399999999999999,-0.0002
MSON,1.44,1.15,0.0677,0.2004,0.2884,-0.1819,1.5246000000000002,56.39,16.94,-0.009899999999999999,0.004699999999999999
MTCH,,7.32,0.0591,0.0659,0.3607,-0.0786,2.5975,55.71,160.95,-0.0101,0.0022
MTSI,2.36,3.16,0.0803,0.1714,0.6359,-0.0189,3.523,63.01,67.98,0.0458,0.0126
MU,1.25,2.94,0.1027,0.1677,0.5825,0.0195,1.9219,68.31,90.96,0.010700000000000001,0.0165
MWA,1.32,0.3,0.0254,0.029300000000000003,0.17600000000000002,-0.0363,0.9187000000000001,57.06,12.74,0.0159,0.0024
MWK,,4.02,0.2958,0.8795000000000001,2.9477999999999995,-0.1131,29.5986,73.28,43.45,-0.06559999999999999,0.0263
MXIM,1.25,2.59,0.0674,0.087,0.33990000000000004,-0.0029,1.3408000000000002,65.25,98.15,0.025,0.0125
MXL,2.09,1.98,0.1217,0.10369999999999999,0.44520000000000004,-0.0098,3.9204000000000003,60.74,38.33,0.0458,0.0124
MYE,1.49,0.64,0.0158,0.0496,0.3475,-0.0404,2.1664,54.72,21.88,0.024300000000000002,0.0023
NARI,,5.8,0.10189999999999999,0.30260000000000004,0.6887000000000001,-0.0039000000000000003,2.001,71.76,118.69,0.0321,-0.0007000000000000001
NATR,0.87,0.57,0.036699999999999997,0.1258,0.4807,-0.0348,2.1745,61.7,17.46,-0.008,-0.005600000000000001
NAVI,1.79,0.45,0.0236,0.12560000000000002,0.3529,-0.15960000000000002,2.0025,57.23,12.22,0.0049,0.0058
NCBS,0.78,1.8,0.042699999999999995,0.0592,0.21850000000000003,0.0013,0.649,61.33,74.75,0.0219,0.0021
NDAQ,0.84,2.67,0.018500000000000003,0.0605,0.1355,-0.0070999999999999995,1.0155,61.48,144.43,-0.0038,0.0007000000000000001
NEO,0.73,2.41,0.0143,0.045,0.38939999999999997,-0.0814,1.7631000000000001,54.07,56.56,-0.0058,0.0018
NEOG,0.46,2.58,-0.004,0.0206,0.1149,-0.055099999999999996,0.7256,50.39,84.4,0.0017000000000000001,0.002
NESR,0.97,0.56,0.0571,0.1434,0.5367000000000001,-0.0392,1.9703,61.5,12.0,0.0084,-0.0008
NET,,4.79,-0.0179,0.0067,0.5689,-0.142,4.4598,48.55,82.17,-0.0218,0.0146
NEXA,1.77,0.88,0.0226,0.06709999999999999,0.3953,-0.2273,2.7895,52.06,9.72,0.0189,0.0021
NFLX,0.82,17.19,-0.0204,0.0177,0.09179999999999999,-0.0894,0.8612000000000001,48.66,540.22,-0.014199999999999999,-0.0004
NGM,,1.48,0.0679,0.055099999999999996,0.3678,-0.08460000000000001,2.1736,60.25,29.34,0.0048,-0.0021
NGVC,1.22,0.78,-0.053,0.0344,0.24350000000000002,-0.18719999999999998,2.2053,47.42,15.24,0.0079,0.004
NIO,,3.49,-0.0611,0.0252,0.9899,-0.1784,25.085300000000004,45.22,55.04,-0.0118,0.0233
NIU,,3.9,-0.050300000000000004,0.1718,0.7757,-0.1722,6.2681,51.15,44.19,-0.0169,0.0291
NK,2.39,2.87,0.6334000000000001,1.1852,2.5636,0.013500000000000002,14.523800000000001,86.28,39.12,0.04769999999999999,0.0106
NKE,0.87,3.19,0.015600000000000001,0.009899999999999999,0.1984,-0.0401,1.367,52.03,142.02,-0.023399999999999997,0.0023
NLS,1.79,2.22,0.136,0.3472,0.8536,-0.059000000000000004,23.6083,65.32,29.53,-0.0051,0.0154
NOMD,0.69,0.57,0.015,0.0336,0.1025,-0.023,0.8729,57.95,26.37,0.0084,0.0031
NOW,1.0,16.45,0.0053,0.0409,0.2027,-0.0462,1.3887,52.8,570.73,-0.0111,0.0024
NPK,0.74,2.89,0.0275,0.0588,0.1155,-0.0222,0.4682,57.51,97.78,0.0375,0.0034999999999999996
NPTN,1.2,0.68,0.031400000000000004,0.1936,0.4771,-0.1124,1.6963,57.66,12.55,0.0203,-0.005699999999999999
NSA,0.42,0.93,0.011200000000000002,0.044000000000000004,0.1435,-0.029300000000000003,0.9504,56.13,37.72,0.0024,0.0024
NSCO,0.24,0.41,0.051100000000000007,0.1439,0.782,-0.061399999999999996,5.0942,58.91,8.41,0.0194,-0.0012
NSSC,1.4,1.18,0.0889,0.1166,0.22760000000000002,-0.0222,1.3466,64.73,31.28,0.009000000000000001,0.0
NTES,0.52,4.67,0.0025,0.14800000000000002,0.3257,-0.07769999999999999,1.33,56.61,123.89,-0.0070999999999999995,0.0037
NTLA,2.04,5.87,0.061500000000000006,0.1114,1.1664,-0.2134,6.8834,55.88,72.37,0.0643,0.0209
NTRA,1.5,6.34,0.035,0.0953,0.6611,-0.0596,6.0901,55.79,119.61,0.0401,0.0083
NVAX,1.66,23.31,0.1809,0.6575,1.4401,-0.16219999999999998,40.0458,64.84,277.88,-0.0213,0.0703
NVCR,1.06,9.28,0.0926,0.11960000000000001,0.7337,-0.0235,2.5612,62.29,190.17,0.0664,0.0149
NVDA,1.44,17.74,0.0664,0.1043,0.249,-0.028999999999999998,2.3045,61.96,597.06,-0.005600000000000001,0.012199999999999999
NVEE,1.14,3.82,0.0902,0.20129999999999998,0.6554000000000001,-0.0018,2.8519,69.15,104.0,0.0364,0.0033
NVGS,2.43,0.51,0.0232,0.0018,0.2235,-0.1272,1.6894999999999998,52.63,10.22,0.0323,-0.008
NVMI,1.1,3.02,0.0922,0.1376,0.46259999999999996,-0.0128,2.2938,67.93,84.65,-0.0141,0.0276
NVTA,2.03,3.79,-0.0085,0.0008,0.3237,-0.1814,5.7997000000000005,50.14,50.42,0.0385,0.0217
NWBI,0.65,0.33,0.0374,0.0588,0.2658,-0.1207,0.6325999999999999,60.67,13.91,0.0087,0.0015
NWL,1.01,0.72,-0.0332,0.0495,0.327,-0.0956,1.3295,48.76,24.32,0.0197,0.0089
OCFC,0.97,0.64,0.08900000000000001,0.11359999999999999,0.2773,-0.09480000000000001,0.8384,68.03,21.33,0.021099999999999997,0.008199999999999999
OCSL,,0.12,0.0365,0.069,0.2242,-0.0255,1.6222999999999999,63.17,6.11,0.0016,-0.0016
OFG,1.56,0.7,0.0348,0.025,0.2725,-0.0898,1.1854,54.44,18.86,0.010700000000000001,0.0048
OKTA,0.98,8.95,0.052199999999999996,0.091,0.295,-0.0192,2.2524,64.49,288.36,0.0055000000000000005,0.0075
ONCT,1.58,0.63,0.14029999999999998,0.33880000000000005,1.2412,-0.1353,4.0201,62.89,7.48,-0.0361,0.0305
ONEM,,2.7,0.0493,0.217,0.601,-0.0527,2.778,64.63,56.67,0.0141,0.015300000000000001
ONEW,,2.18,0.030899999999999997,0.1081,0.4386,-0.0644,9.4399,57.08,35.6,-0.011399999999999999,0.0129
ONTO,1.25,2.71,0.1189,0.2379,0.6920000000000001,0.006500000000000001,2.2613,69.86,66.27,0.044800000000000006,0.009399999999999999
OOMA,0.39,0.49,0.09140000000000001,0.0795,0.11230000000000001,-0.15539999999999998,1.1745,66.72,16.2,0.0286,0.0
OPCH,1.09,1.03,-0.024,0.0895,0.3095,-0.09390000000000001,2.2962000000000002,51.28,18.92,-0.0021,-0.0026
OPRX,0.68,3.82,0.2225,0.5403,1.6941,-0.0278,8.5664,78.48,62.2,0.0441,0.0169
OPY,1.09,1.03,0.0473,0.11960000000000001,0.452,-0.0279,1.6821000000000002,65.0,36.95,-0.0032,0.0032
ORC,1.37,0.13,0.0409,0.057800000000000004,0.13369999999999999,-0.17420000000000002,2.719,61.18,5.69,0.0125,0.0108
ORGO,1.39,0.96,0.1026,0.4836,1.5389,-0.1097,4.3839,65.24,13.31,0.006,0.0023
ORI,0.82,0.39,0.037000000000000005,0.060599999999999994,0.2177,-0.1103,0.754,60.3,19.78,0.005600000000000001,0.0036
ORLY,1.03,12.56,0.0323,0.0146,0.0322,-0.0729,0.8305,55.51,460.41,0.0009,0.0032
OSH,,3.63,0.06309999999999999,0.042,0.1666,-0.1007,0.7047,55.19,59.63,0.0039000000000000003,-0.0042
OSTK,4.45,8.3,0.1358,0.44020000000000004,0.6514,-0.2125,39.0,63.87,101.2,0.0327,0.0074
OTEX,0.94,1.02,-0.0129,0.0086,0.0751,-0.067,0.6019,47.4,46.64,-0.0043,0.0002
PACK,,0.82,0.06,0.2631,0.8504999999999999,-0.0693,2.4632,69.32,19.74,0.0097,0.0031
PACW,1.62,1.27,0.1185,0.2523,0.6776000000000001,-0.015300000000000001,1.6561000000000001,70.06,36.76,0.0254,0.0067
PAM,0.58,0.56,0.0901,0.0897,0.2255,-0.0265,0.6881,63.64,14.72,0.0068000000000000005,0.0007000000000000001
PANW,1.47,11.17,0.0574,0.10800000000000001,0.44799999999999995,-0.0072,2.1633,64.62,396.9,0.0022,0.0141
PAR,1.95,3.67,0.1253,0.2447,0.9486,-0.0021,7.8552,71.92,85.32,0.0055000000000000005,0.008
PATK,2.4,3.18,0.1061,0.142,0.3237,0.0064,3.9072000000000005,70.14,81.95,0.0141,0.0046
PB,1.35,1.59,0.04769999999999999,0.0553,0.2061,-0.0273,0.7413,64.82,73.17,0.0118,0.0077
PCH,1.38,1.73,0.039900000000000005,0.057,0.2194,-0.0253,1.3746,57.92,53.19,0.0233,0.0037
PCTY,1.26,7.69,0.0298,0.0345,0.2555,-0.0554,2.0791,54.25,206.24,0.0317,0.0089
PD,,2.4,-0.0043,0.098,0.5699000000000001,-0.1085,3.2198,53.79,52.03,-0.0029,0.0108
PDD,,10.87,0.0541,0.151,0.8073,-0.0782,5.489400000000001,59.03,195.98,-0.0196,0.021
PEN,0.23,13.84,0.0646,0.252,0.3262,-0.10830000000000001,1.3005000000000002,69.06,280.2,0.003,0.0063
PERI,1.19,1.8,0.23379999999999998,0.5036,1.6762000000000001,-0.132,5.5977,69.29,22.63,0.0103,0.0233
PFC,1.47,0.94,0.054400000000000004,0.1678,0.5017,-0.0326,1.7022,64.77,29.67,0.029900000000000003,0.0073
PFGC,1.61,2.1,0.0388,0.0727,0.42,-0.029900000000000003,6.1026,57.37,52.63,0.053899999999999997,0.0012
PFPT,1.15,4.12,0.0444,0.06269999999999999,0.21050000000000002,-0.0126,0.6601,64.31,139.13,0.013000000000000001,0.0008
PFSI,1.15,2.41,0.024,0.0337,0.23370000000000002,-0.08929999999999999,3.8533999999999997,54.47,63.75,0.0046,0.0009
PGNY,,2.41,0.0451,0.13140000000000002,0.6015999999999999,-0.0231,2.2508,61.54,50.68,0.024700000000000003,0.0088
PGTI,1.46,0.7,0.0256,0.0641,0.2783,-0.0391,2.3256,56.81,22.88,0.025099999999999997,0.0077
PHM,1.43,1.64,-0.018000000000000002,0.0351,0.1112,-0.0764,1.7097,50.07,46.39,0.0124,0.0077
PHR,,3.16,0.0147,0.16149999999999998,0.84,-0.10439999999999999,3.5639999999999996,56.66,73.07,0.0054,0.009399999999999999
PII,2.0,4.34,0.0215,0.12710000000000002,0.2459,-0.0553,2.2622,60.72,121.86,0.0369,0.002
PINS,,4.31,0.1118,0.1751,0.8787,-0.044500000000000005,7.505,63.58,85.9,-0.0183,0.0176
PIPR,1.42,3.33,0.063,0.0535,0.3542,-0.0256,2.343,60.46,106.81,0.0113,0.0011
PLAB,0.95,0.44,0.0941,0.1338,0.18739999999999998,-0.11130000000000001,0.6041,65.7,13.33,0.0199,0.0124
PLD,0.77,2.1,-0.0009,0.04769999999999999,0.0644,-0.0629,0.7603,55.75,105.3,-0.0092,0.004699999999999999
PLMR,,4.67,-0.0437,0.053899999999999997,0.1206,-0.1812,1.545,46.13,99.79,-0.035,0.0032
PLPC,1.03,2.92,0.006500000000000001,0.0077,0.21,-0.0959,0.8916,51.16,68.4,0.011200000000000002,0.0147
PLT,1.96,2.85,0.09519999999999999,0.2959,1.012,-0.19510000000000002,7.904299999999999,62.93,40.96,0.024,0.0129
PMT,1.15,0.52,0.0401,0.0633,0.1409,-0.196,4.4143,57.96,18.95,0.014499999999999999,0.0054
PNR,1.16,1.53,0.023399999999999997,0.0417,0.213,-0.0447,1.5737999999999999,57.96,56.65,0.0216,0.0073
PNTG,,3.61,0.038900000000000004,0.002,0.506,-0.1508,5.284,54.34,59.07,0.0509,-0.0028000000000000004
PODD,0.67,10.51,-0.018500000000000003,0.0326,0.1945,-0.0818,1.2647,48.74,274.03,-0.0073,0.01
PPBI,1.37,1.25,0.0672,0.15039999999999998,0.5159,-0.0018,1.7746000000000002,68.75,38.65,0.0155,0.0087
PRI,1.4,3.35,0.018600000000000002,0.0451,0.16519999999999999,-0.0375,1.3611000000000002,56.94,144.5,-0.0002,0.0037
PRIM,1.32,1.07,0.0329,0.0806,0.5102,-0.024399999999999998,2.3981,58.67,32.01,0.0123,0.006
PROF,,1.2,-0.06480000000000001,0.061900000000000004,0.4078,-0.1401,2.8147,46.24,24.91,-0.0154,0.012
PRPL,1.37,2.4,0.078,0.18780000000000002,0.6064,-0.025099999999999997,8.0611,60.91,40.05,0.0264,0.0169
PRTK,1.56,0.49,0.0412,0.10369999999999999,0.3728,-0.1371,2.02,55.05,7.55,-0.0105,0.0026
PRTS,2.68,1.63,0.071,0.2845,0.6141,-0.1617,17.75,57.33,19.5,0.0,0.0146
PS,,0.47,-0.0060999999999999995,0.013999999999999999,0.10679999999999999,-0.0723,2.1942,49.33,21.05,-0.0043,-0.0042
PSEC,,0.2,0.13720000000000002,0.2622,0.4307,0.0161,1.0653,86.72,7.59,0.0174,0.0054
PSMT,0.93,2.8,0.0178,0.0541,0.3674,-0.0365,1.4294,57.98,99.97,0.0058,0.0004
PTC,1.26,4.17,0.0634,0.15539999999999998,0.5387,0.0007000000000000001,2.3424,67.31,146.73,0.016399999999999998,0.008
PTGX,1.58,1.65,0.09630000000000001,0.138,0.301,-0.0591,3.8358,58.75,25.63,-0.01,0.0054
PYPL,1.19,10.97,0.0827,0.1686,0.4471,-0.0719,2.496,63.51,286.92,-0.0179,0.0046
QFIN,,2.26,0.4484,0.9518000000000001,1.3852000000000002,-0.0273,3.81,77.21,30.64,-0.0068000000000000005,0.0405
QGEN,0.29,1.27,0.016200000000000003,0.0406,0.1297,-0.061900000000000004,0.5919,56.33,55.35,-0.01,0.0043
QNST,1.05,1.06,0.0668,0.1213,0.5737,-0.0535,3.2708,64.32,24.6,0.0049,0.0091
QRTEA,1.87,0.63,0.0316,0.1308,0.6674,-0.041100000000000005,5.755,58.85,13.19,0.011899999999999999,0.016399999999999998
QRVO,1.41,6.66,0.0305,0.0495,0.31739999999999996,-0.06480000000000001,1.6561000000000001,56.09,179.39,0.0281,0.0196
QTRX,,6.92,0.18460000000000001,0.47509999999999997,1.2219,-0.0028000000000000004,7.319400000000001,71.33,90.64,0.031200000000000002,0.0043
QUOT,1.05,0.67,0.2475,0.32189999999999996,0.5678,-0.0504,1.8549,70.23,12.99,0.0085,0.004699999999999999
RADA,,0.88,0.22190000000000001,0.36579999999999996,0.9231,-0.0355,5.931699999999999,71.84,14.21,0.0395,0.024700000000000003
RADI,,0.65,0.0736,0.1103,0.3472,-0.0388,1.1613,67.8,14.2,0.038,0.0007000000000000001
RBBN,1.25,0.67,0.08650000000000001,0.2734,0.8772,-0.14400000000000002,3.9385000000000003,57.5,9.63,-0.0559,0.0049
RBNC,1.0,0.8,0.0519,0.0999,0.3191,-0.0032,1.3037,61.97,21.77,0.0527,0.0
RCII,1.67,2.0,0.0794,0.2141,0.5949,-0.023399999999999997,3.4842,66.53,52.42,0.0128,0.0088
RDHL,1.64,0.73,0.22390000000000002,0.262,0.31989999999999996,-0.0388,2.3445,70.92,10.91,0.0572,0.0019
RDVT,,1.33,0.0637,0.023799999999999998,0.2341,-0.10310000000000001,0.9206,57.39,25.91,-0.0027,0.0015
RE,0.67,6.05,0.0521,0.0362,0.1074,-0.18,0.5211,58.68,239.3,-0.0125,0.0059
RESN,2.57,0.75,0.0154,0.4457,1.24,-0.1981,6.0268,56.56,6.68,0.0341,0.0353
REX,1.24,4.46,0.0437,0.0674,0.2334,-0.0663,1.6915,55.15,91.0,0.0212,0.0011
REZI,,1.25,0.1023,0.2094,0.8852,0.025699999999999997,6.4973,72.39,27.89,0.0311,0.009300000000000001
RGEN,0.86,8.17,0.0043,0.0581,0.3185,-0.0633,1.7337,52.01,214.35,-0.0128,0.006999999999999999
RGR,0.41,2.51,0.0556,0.046900000000000004,0.056299999999999996,-0.1743,0.9490999999999999,58.2,70.64,0.0155,0.006500000000000001
RILY,1.28,2.21,0.09179999999999999,0.2217,0.8622,-0.009300000000000001,3.3705000000000003,69.54,56.45,0.0679,0.003
RIOT,4.87,8.09,1.1965000000000001,2.1227,7.7425999999999995,-0.10279999999999999,138.5891,73.51,71.33,0.0368,0.1091
RJF,1.26,2.62,0.10490000000000001,0.1732,0.4522,0.0022,1.1813,78.27,118.25,0.013600000000000001,0.0038
RLGT,1.59,0.25,0.0718,0.1354,0.37020000000000003,-0.06269999999999999,1.2825,61.83,7.03,0.0115,0.0014000000000000002
RLI,0.4,2.44,0.018600000000000002,0.0052,0.1444,-0.0676,0.5774,53.15,103.11,0.0028000000000000004,0.0029
RMNI,0.57,0.47,0.051699999999999996,0.32299999999999995,0.7484000000000001,-0.0484,2.7635,63.53,8.35,0.0302,0.0
RNG,0.66,15.94,0.0646,0.10619999999999999,0.4007,-0.0481,2.1694,62.4,427.39,0.005600000000000001,0.0033
ROKU,1.91,22.59,0.0755,0.20670000000000002,1.0784,-0.039900000000000005,7.026599999999999,66.54,467.31,0.011399999999999999,0.02
RP,1.13,0.5,0.0034000000000000002,0.0473,0.28300000000000003,-0.024399999999999998,1.3576,65.84,87.02,0.0002,0.0005
RTX,1.52,1.67,0.057999999999999996,0.053200000000000004,0.1555,-0.17149999999999999,0.8242,65.27,74.26,0.012,0.0069
RVNC,1.26,1.22,-0.0052,0.010700000000000001,0.0953,-0.1912,1.3769,48.39,28.0,-0.0070999999999999995,0.0004
RVP,1.84,1.89,0.0146,0.2563,0.8835999999999999,-0.1898,17.0163,54.34,17.42,-0.060899999999999996,0.0346
RXT,,1.47,-0.0735,0.0062,0.10830000000000001,-0.1875,0.3725,44.39,20.93,-0.048600000000000004,-0.1186
RYN,1.02,0.82,0.0558,0.1103,0.2531,-0.0287,1.1761,66.6,34.73,0.0161,0.005
SAFE,-0.41,2.68,0.0649,0.1184,0.33509999999999995,-0.0151,1.1547,72.33,83.71,0.0104,-0.0109
SAM,0.79,49.77,0.057,0.11710000000000001,0.34659999999999996,-0.0998,2.8381,57.2,1113.13,-0.008,0.004699999999999999
SASR,1.13,1.15,0.049800000000000004,0.0885,0.3614,0.0,1.055,61.35,36.99,0.0281,0.0053
SBGI,1.62,1.36,0.02,0.050300000000000004,0.4362,-0.10769999999999999,2.1253,56.52,33.05,0.0052,0.0018
SBSW,1.92,0.74,0.11230000000000001,0.1523,0.5216,-0.0353,4.3143,63.97,18.6,0.0016,0.0
SCHN,1.44,1.52,0.11410000000000001,0.1161,0.5901,-0.1523,2.5441,62.91,35.76,0.057999999999999996,0.0129
SCPL,,1.19,0.1855,0.3145,0.44670000000000004,-0.0023,2.6856,71.1,21.45,-0.0023,0.0478
SCU,1.46,1.24,0.3069,0.4378,0.7669,-0.156,1.7483000000000002,83.69,24.35,-0.002,0.018799999999999997
SDGR,,5.21,0.0623,0.1898,0.48729999999999996,-0.0736,2.8842000000000003,60.27,105.03,0.0297,0.009000000000000001
SE,1.4,12.04,0.1316,0.2669,0.8086,-0.0175,6.8629999999999995,70.17,280.0,0.0301,0.016200000000000003
SENEA,0.9,2.47,0.2061,0.2607,0.3245,-0.0146,1.0843,71.98,52.19,0.015600000000000001,-0.0033
SGC,0.88,1.28,0.0001,0.0414,0.265,-0.1207,3.1391000000000004,50.78,25.13,-0.0102,0.0028000000000000004
SGRY,3.0,2.36,0.1009,0.2427,0.8229000000000001,-0.08560000000000001,8.8,66.12,39.2,0.060899999999999996,0.0
SHOP,1.63,61.69,0.11810000000000001,0.1937,0.42100000000000004,-0.0432,3.7003,65.25,1435.01,0.027200000000000002,0.0089
SIBN,,1.44,0.0159,0.0691,0.414,-0.0535,3.3972,56.15,31.66,0.0323,0.0013
SIGI,0.84,1.88,0.0124,0.0026,0.1623,-0.050499999999999996,0.813,52.46,67.17,-0.0007000000000000001,0.0027
SILC,0.88,2.61,0.1162,0.1752,0.374,-0.12789999999999999,1.4693,68.05,51.69,-0.0098,0.009899999999999999
SIMO,1.15,2.44,0.1043,0.22149999999999997,0.41869999999999996,-0.042199999999999994,1.3087,66.21,61.68,0.0161,0.0127
SITM,,10.13,-0.0762,0.01,0.5845,-0.1843,7.0291999999999994,44.7,123.81,-0.0207,0.014199999999999999
SKLZ,,3.34,0.0562,0.36229999999999996,1.3447,-0.2237,2.6636,57.08,35.94,-0.0302,0.028300000000000002
SKY,2.84,1.8,0.1445,0.29510000000000003,0.5535,-0.0116,3.11,71.48,44.47,0.0144,0.0115
SLAB,1.06,5.85,0.1429,0.2148,0.4836,0.0331,1.5018,71.77,162.84,0.0911,0.0121
SLGN,0.75,0.83,0.0323,0.0496,0.0823,-0.0435,0.5695,61.37,38.68,-0.0044,0.0073
SLP,-0.05,4.11,-0.065,0.0254,0.1877,-0.1656,1.9177000000000002,44.16,75.86,-0.013999999999999999,0.0113
SLQT,,1.14,0.179,0.2493,0.3261,0.0148,0.8674,74.88,29.43,0.0481,0.0018
SMAR,,3.56,0.1043,0.152,0.47,-0.031,1.6781,66.16,82.78,-0.0024,0.0024
SMBK,0.81,0.54,0.0406,0.0934,0.3317,-0.0116,0.9357,63.3,21.39,0.0348,0.0015
SMG,1.18,7.23,-0.0004,0.08460000000000001,0.4021,-0.06570000000000001,2.1431,54.48,233.57,0.0043,0.0039000000000000003
SNA,1.27,5.03,0.0565,0.09849999999999999,0.2541,0.0073,1.149,66.5,194.96,0.0158,0.0019
SNAP,1.32,3.21,0.1213,0.20850000000000002,0.9475,0.0015,7.3042,70.78,65.52,0.023700000000000002,0.018000000000000002
SNBR,2.06,6.91,0.0795,0.2626,0.9954999999999999,-0.1001,6.9849,66.44,121.93,0.0034999999999999996,0.0021
SNPS,1.11,8.24,-0.0154,0.0286,0.235,-0.1091,1.5555,48.23,268.07,-0.0167,0.0060999999999999995
SNX,1.63,2.56,0.0098,0.0395,0.2838,-0.035,2.3899,54.07,88.41,0.0166,0.0095
SONO,,1.71,0.2022,0.38079999999999997,1.0949,-0.03,4.6003,78.02,36.85,0.0079,0.0008
SPB,1.94,2.3,0.028999999999999998,0.06280000000000001,0.3675,-0.034300000000000004,3.2169,58.56,82.61,0.001,0.0026
SPNE,1.21,0.96,0.0394,0.0559,0.3223,-0.047400000000000005,3.4975,57.59,18.08,0.0089,0.0011
SPNS,1.38,1.12,-0.012199999999999999,0.0603,0.1215,-0.0722,1.4546000000000001,51.9,33.26,0.0088,0.0006
SPOT,,15.61,0.0919,0.1014,0.3782,-0.0171,2.3393,63.97,364.59,0.0252,0.0021
SPT,,4.16,0.1215,0.32939999999999997,0.9183,-0.049699999999999994,6.435499999999999,68.51,78.37,0.0222,0.0022
SQ,2.63,11.19,0.1537,0.19649999999999998,0.6990999999999999,-0.023399999999999997,7.554600000000001,71.81,276.57,0.0055000000000000005,0.0155
SSB,1.09,2.84,0.0664,0.07400000000000001,0.3616,-0.0052,1.0267,62.5,81.92,0.0202,0.0039000000000000003
SSD,1.23,2.82,0.0078000000000000005,0.020099999999999996,0.0673,-0.0762,1.0804,52.16,97.82,0.0079,0.0054
SSP,2.02,0.74,0.18600000000000003,0.24559999999999998,0.6369,-0.0062,2.569,79.1,19.13,0.0079,0.0037
SSTI,1.48,2.78,-0.013999999999999999,0.1276,0.5435,-0.0934,1.4150999999999998,52.82,48.93,-0.0151,0.0006
SSTK,1.17,4.43,0.2922,0.3287,0.7223999999999999,-0.0064,2.3143000000000002,79.62,95.32,-0.004699999999999999,0.0060999999999999995
STAA,1.01,6.12,0.1082,0.32030000000000003,0.8776999999999999,-0.0341,4.3164,69.46,123.34,0.0331,0.011200000000000002
STAG,0.92,0.65,0.018799999999999997,0.0321,0.0475,-0.0751,0.8193,56.41,31.91,0.0019,0.0025
STC,1.07,1.57,0.0984,0.10800000000000001,0.3152,-0.0088,1.7113,70.16,54.93,-0.011200000000000002,0.0073
STKL,1.97,0.85,0.0633,0.2723,1.0365,-0.0507,11.1805,68.23,16.2,0.0208,0.006
STNE,,3.56,0.1202,0.139,0.6411,-0.0292,4.2111,64.92,92.34,0.0069,0.0134
STRL,1.37,0.92,-0.04190000000000001,0.011899999999999999,0.4254,-0.1494,2.0997,46.27,20.83,0.0171,0.0005
STRO,,1.56,-0.0085,0.0277,0.7269,-0.1364,3.0732999999999997,50.83,24.44,0.0278,0.0059
STTK,,4.01,-0.0416,0.0017000000000000001,0.22510000000000002,-0.2447,1.6105,48.29,45.71,0.031400000000000004,-0.002
STXB,,0.61,0.0725,0.1351,0.4549,-0.0264,1.2612,66.24,20.26,0.0358,0.0026
STXS,1.62,0.31,0.1005,0.1198,0.3245,-0.065,2.3,59.9,5.61,0.0036,0.0127
STZ,1.21,6.09,-0.009300000000000001,0.0103,0.1641,-0.08,1.1405,47.89,223.21,-0.012,-0.0012
SUI,0.55,3.64,0.0321,0.040999999999999995,0.0664,-0.1234,0.5996,60.96,152.51,0.0032,0.004
SUMO,,3.02,0.0075,0.1506,0.3797,-0.21,1.1921,54.71,36.63,0.0091,0.0058
SWAV,,7.59,0.048799999999999996,0.1431,0.7672,-0.08220000000000001,4.9959,58.73,131.97,0.0677,0.0033
SWBI,0.92,0.97,0.0462,0.024399999999999998,0.1462,-0.2181,3.3470999999999997,52.81,18.43,-0.0049,-0.0022
SWCH,0.73,0.52,0.0063,0.0742,0.0782,-0.09050000000000001,0.765,54.66,18.18,-0.0011,0.0028000000000000004
SWKS,1.18,6.78,0.0828,0.1819,0.3461,-0.018600000000000002,1.8302,67.57,192.17,0.0108,0.0118
SY,,1.12,0.20739999999999997,0.3129,0.3156,-0.0713,1.0125,70.89,16.16,0.056900000000000006,0.0331
SYKE,0.92,1.27,0.0167,0.0397,0.2397,-0.0401,0.8956000000000001,54.7,41.93,0.005,0.0007000000000000001
SYX,0.5,1.32,0.0587,0.1487,0.7038,-0.026000000000000002,2.3349,66.61,44.17,0.0248,0.0002
TAL,0.15,3.6,0.1084,0.2261,0.2616,-0.0089,0.9967,70.16,90.15,0.0282,0.0127
TBBK,1.52,0.87,0.114,0.2859,0.8621,-0.0453,5.0863,69.34,20.45,0.0235,0.0101
TCS,1.32,1.33,0.19039999999999999,0.4022,1.4223,-0.0113,8.6944,72.02,17.45,0.0319,0.0018
TDOC,0.15,14.26,0.052300000000000006,0.2378,0.3935,-0.050300000000000004,1.8675,65.03,292.51,0.0206,0.0124
TEAM,0.85,9.22,0.0724,0.09119999999999999,0.3037,-0.0014000000000000002,1.349,66.41,258.41,0.0077,-0.0011
TEL,1.37,3.04,0.0425,0.0659,0.309,-0.0032,1.7194999999999998,61.6,132.22,0.022000000000000002,0.0060999999999999995
TER,1.39,5.31,0.0909,0.1261,0.5013000000000001,-0.0359,2.3261000000000003,62.51,142.59,0.0209,0.0232
TFC,1.33,1.43,0.1082,0.1527,0.3615,0.0279,1.3981999999999999,72.96,57.58,0.0236,0.0075
TGNA,1.23,0.51,0.07519999999999999,0.1745,0.39649999999999996,-0.0147,0.8772,74.08,18.04,0.0073,0.0017000000000000001
TGT,0.99,4.37,0.0007000000000000001,0.028300000000000002,0.2469,-0.0557,1.094,50.82,188.82,-0.0189,0.0054
THO,2.35,4.95,-0.005,0.1133,0.1932,-0.09849999999999999,2.6875999999999998,54.98,119.11,0.0013,0.011399999999999999
TIG,,0.72,0.0677,0.1714,0.1807,-0.050300000000000004,0.7172,66.95,17.0,-0.0173,0.0
TLND,0.9,2.91,0.1382,0.29109999999999997,0.435,-0.12119999999999999,2.0459,71.55,55.74,-0.0046,0.0016
TME,,1.35,0.0068000000000000005,0.1862,0.6122,-0.0748,1.9111000000000002,58.91,26.84,-0.0037,0.0048
TMHC,1.76,1.32,0.0021,0.0634,0.2061,-0.0802,3.4773,53.68,28.61,0.0131,0.0089
TOL,1.55,1.78,0.0326,0.1392,0.3123,-0.0355,3.137,63.66,54.94,0.0129,0.0052
TPB,0.63,2.88,0.004699999999999999,0.0933,0.5096,-0.1572,2.6537,52.09,51.48,-0.0079,0.0027
TPC,1.49,0.77,0.079,0.168,0.3686,-0.0216,5.7701,63.4,17.67,0.004,0.005699999999999999
TPRE,1.19,0.29,0.026600000000000002,0.038900000000000004,0.18960000000000002,-0.0992,0.7872,55.41,10.08,0.0349,-0.001
TPVG,1.86,0.33,0.034,0.0837,0.2587,-0.0149,4.2216000000000005,63.77,14.51,-0.0189,0.0040999999999999995
TPX,2.03,1.29,0.15,0.1946,0.5063,-0.0176,5.0908999999999995,72.3,33.5,0.034,0.012199999999999999
TRC,0.66,0.46,-0.0044,0.0673,0.1353,-0.0676,0.3771,53.69,16.69,0.0202,0.0018
TROW,1.16,3.7,0.0161,0.048600000000000004,0.1843,-0.0369,0.9727,57.36,162.77,0.0149,0.0024
TRQ,2.16,0.78,0.2786,0.2812,0.7193,0.0159,4.3006,79.34,15.96,0.0493,0.0167
TSCO,1.02,5.03,0.1116,0.14980000000000002,0.23370000000000002,-0.011699999999999999,1.6818,73.39,171.34,-0.006,0.0029
TSM,1.01,4.49,0.0451,0.1448,0.5934,-0.038900000000000004,2.2005,61.94,136.66,0.0049,0.0102
TTC,0.78,1.87,0.0096,0.0304,0.22210000000000002,-0.0305,0.9095,54.51,99.43,-0.0013,0.0084
TTD,2.56,36.72,0.09179999999999999,0.07,0.542,-0.07139999999999999,5.6423000000000005,64.59,903.35,0.0742,-0.006500000000000001
TTEC,0.83,2.95,0.0141,0.0784,0.4572,-0.0765,2.2897,54.86,84.11,-0.0036,0.0024
TTGT,0.97,4.36,0.0861,0.3073,0.9675,-0.0951,4.4416,64.88,91.5,0.011200000000000002,0.0068000000000000005
TU,0.75,0.32,-0.0158,0.0052,0.11960000000000001,-0.0451,0.5244,45.55,20.64,-0.0101,0.0053
TUP,3.03,1.98,0.0163,0.004699999999999999,0.6346,-0.1332,28.087,50.97,33.45,0.0542,0.005699999999999999
TWLO,1.53,19.56,0.0765,0.1482,0.5236,-0.0694,5.252999999999999,60.03,425.55,0.0013,-0.0417
TWTR,0.86,3.03,0.2443,0.33659999999999995,0.6927,-0.0342,2.614,79.89,72.28,-0.005600000000000001,0.006
TXG,,9.64,0.0463,0.15,0.5307,-0.054400000000000004,2.91,60.9,190.73,-0.0038,0.0273
TXN,1.07,4.1,0.0292,0.058499999999999996,0.23129999999999998,-0.019,0.9159,58.0,178.35,0.0028000000000000004,0.0076
UBSI,1.38,1.05,0.0552,0.0864,0.2789,-0.005699999999999999,0.8475,61.9,36.34,0.0216,0.0045000000000000005
UCBI,1.32,0.97,0.0478,0.0999,0.4892,0.0006,1.208,63.96,33.01,0.0154,0.008100000000000001
UCTT,2.02,2.78,0.1564,0.3159,0.8461,-0.0197,3.3138,68.66,50.86,0.022099999999999998,0.0277
UFPI,1.51,1.89,0.0128,0.0487,0.1142,-0.0625,1.0634000000000001,53.81,60.19,0.009899999999999999,0.0039000000000000003
UHAL,0.87,15.59,0.10460000000000001,0.15259999999999999,0.4354,0.0127,1.4247999999999998,75.92,536.01,0.010700000000000001,0.0143
UMH,1.09,0.4,0.04019999999999999,0.0672,0.18239999999999998,-0.047,0.9037999999999999,59.54,16.43,0.0024,0.0055000000000000005
UNFI,1.3,1.87,-0.008100000000000001,0.2636,0.4326,-0.1638,4.382,57.21,26.91,0.0275,-0.008
UPLD,0.96,1.79,0.0481,0.0969,0.2994,0.006999999999999999,1.5007,63.04,51.89,0.0333,0.0042
UPWK,,3.41,0.1432,0.3331,1.3739,-0.0732,9.8969,66.59,56.01,0.0526,0.0083
USNA,1.01,3.27,0.0438,0.1115,0.1396,-0.09910000000000001,1.126,59.04,91.44,0.016,-0.005600000000000001
UTZ,,1.01,0.0791,0.15539999999999998,0.5267000000000001,-0.0121,1.6536000000000002,69.44,26.1,0.0038,0.0097
UUUU,,0.52,0.21899999999999997,0.3961,1.4983000000000002,-0.1054,6.3974,62.8,5.77,0.0785,0.0348
UVV,0.73,1.48,0.043,0.025,0.1406,-0.06709999999999999,0.37770000000000004,55.44,51.03,-0.0091,-0.001
VALE,1.11,0.57,0.0603,0.0547,0.4548,-0.041100000000000005,1.8559,60.4,18.22,0.0072,0.0060999999999999995
VCEL,2.97,2.72,0.1222,0.3935,1.2801,-0.0478,6.5811,79.16,51.4,-0.0004,0.009000000000000001
VEEV,0.76,9.07,0.0581,0.1056,0.19390000000000002,-0.036000000000000004,1.6569999999999998,64.82,313.82,-0.0055000000000000005,0.0108
VERI,3.45,3.68,-0.061399999999999996,0.1209,1.2885,-0.204,31.844299999999997,48.57,40.07,-0.0286,0.0443
VFF,,1.62,0.1634,0.35960000000000003,1.3146,-0.1592,7.2536000000000005,59.78,17.08,0.017,0.0231
VGR,1.19,0.49,0.1139,0.1359,0.3017,-0.0258,0.7879,67.83,14.16,0.0239,-0.0014000000000000002
VHC,0.75,0.49,0.2009,0.4007,0.4349,-0.0085,1.0934,78.23,8.17,0.0329,0.0025
VIAO,,0.72,-0.0431,0.022799999999999997,0.17679999999999998,-0.1137,0.9601999999999999,46.97,13.8,0.0036,0.011000000000000001
VICR,0.84,3.74,0.0315,0.0433,0.2231,-0.062,2.2278000000000002,53.82,98.19,0.013500000000000002,0.0109
VIOT,,1.31,0.9472,1.395,1.6112,0.3124,2.781,90.48,15.88,0.2455,0.19940000000000002
VIPS,0.79,1.58,0.1518,0.2585,0.6628000000000001,0.048600000000000004,2.1422,76.76,36.23,0.0366,0.0172
VIRT,-0.3,1.23,0.017,0.0873,0.1508,-0.059800000000000006,0.6173,55.26,27.98,-0.0046,0.0005
VIVO,0.65,1.92,-0.0415,0.075,0.2402,-0.2157,3.363,47.43,24.04,-0.0928,-0.011200000000000002
VLRS,2.8,0.6,0.19210000000000002,0.2413,0.7951,0.0379,4.0306,76.21,14.79,0.1079,-0.0333
VMI,1.23,6.16,0.095,0.1923,0.6015999999999999,0.0078000000000000005,1.8007,75.7,231.34,0.0296,0.0007000000000000001
VNET,0.38,2.18,-0.009399999999999999,0.1001,0.5621,-0.10439999999999999,3.2623,52.43,39.81,-0.0146,0.0097
VOXX,1.51,2.66,0.1434,0.3889,1.3934,-0.1253,12.388399999999999,60.06,24.3,0.0385,0.0313
VRT,,0.71,0.048,0.10279999999999999,0.2987,-0.035699999999999996,3.5537,65.18,21.63,0.019799999999999998,0.0086
VRTS,1.49,9.32,0.0512,0.0983,0.5537,-0.060899999999999996,3.4608999999999996,58.03,247.0,-0.031400000000000004,0.0241
VST,0.93,0.61,0.08349999999999999,0.1362,0.18789999999999998,-0.023399999999999997,1.0273999999999999,70.54,22.91,-0.014199999999999999,0.0039000000000000003
VSTO,0.55,1.92,0.0984,0.275,0.772,-0.0941,7.1002,66.53,34.75,0.0167,0.0012
VTRU,,1.03,-0.020099999999999996,0.0129,0.0605,-0.1076,0.34009999999999996,48.96,15.17,0.0046,0.0342
VUZI,2.29,1.81,0.3091,0.7453,2.3891999999999998,-0.0231,19.616300000000003,71.05,17.73,0.1033,0.014499999999999999
VVV,1.39,0.59,0.0329,0.0567,0.1959,-0.0106,1.7826,61.55,25.21,0.0281,0.0025
WATT,3.54,0.73,0.8694,1.526,1.6375,0.4755,10.8525,80.05,7.23,0.2275,0.5832999999999999
WBA,0.46,1.41,-0.0115,0.0736,0.1911,-0.1195,0.4646,52.76,48.86,-0.0033,0.002
WD,1.33,4.05,0.1036,0.1317,0.5992000000000001,-0.031200000000000002,3.1743,65.5,102.48,0.0236,0.0034000000000000002
WDAY,1.45,8.07,0.0848,0.1493,0.3234,-0.0227,1.5646,67.84,276.34,0.0051,0.0078000000000000005
WDFC,-0.14,11.5,0.0036,0.09449999999999999,0.3923,-0.057999999999999996,1.0778,54.85,314.08,-0.0037,-0.0129
WFG,,2.98,0.0248,0.0659,0.4128,-0.11720000000000001,3.6393,55.0,69.59,0.0029,0.0097
WGO,2.03,2.9,0.025099999999999997,0.0956,0.2207,-0.039900000000000005,3.2314,57.97,71.68,0.0134,0.006999999999999999
WHR,1.88,6.64,-0.0031,0.027200000000000002,0.15130000000000002,-0.0901,2.0522,51.55,195.34,0.0231,0.0001
WILC,0.72,1.03,0.0759,0.1217,0.31679999999999997,-0.04019999999999999,1.7793999999999999,64.09,24.32,0.0004,0.0087
WIRE,1.14,1.83,0.0836,0.1153,0.2916,-0.0296,0.7614,69.41,66.95,0.0036,0.0026
WIX,1.38,15.4,0.28859999999999997,0.33270000000000005,0.373,-0.0002,3.5968999999999998,79.41,353.09,0.0286,-0.0025
WK,1.41,3.91,0.10550000000000001,0.20079999999999998,0.7526,0.0042,4.2104,75.55,114.68,0.0259,0.006
WKHS,3.14,3.4,-0.0394,0.2086,0.7532,-0.2328,24.0646,51.06,32.96,0.0258,0.0291
WMK,0.17,1.7,0.0642,0.11720000000000001,0.11939999999999999,-0.0635,0.7145,65.08,55.62,-0.0011,0.0005
WMS,1.4,4.52,0.0866,0.1593,0.5879,-0.0765,3.568,62.77,101.09,0.0297,0.0087
WORK,,0.56,0.008199999999999999,0.0171,0.2926,-0.0285,1.8675,57.11,43.3,0.0002,0.0012
WSBC,1.09,0.88,0.013300000000000001,0.015600000000000001,0.2623,-0.10880000000000001,0.7789,52.64,31.06,0.016399999999999998,-0.0007000000000000001
WSC,1.71,0.89,0.0393,0.0922,0.4512,-0.0454,2.5839,58.54,26.7,0.011399999999999999,0.0038
WSO,0.72,8.23,-0.0168,0.024300000000000002,0.1127,-0.0815,0.8318000000000001,49.5,243.58,0.006500000000000001,0.0023
WTM,0.54,32.22,0.1204,0.1732,0.3164,0.0014000000000000002,0.9384,75.75,1219.68,0.0005,0.0074
WY,1.91,0.95,0.0403,0.053200000000000004,0.2525,-0.0177,1.671,58.77,34.99,0.0315,0.0033
XENE,1.37,0.92,-0.0412,0.018500000000000003,0.19030000000000002,-0.1359,1.1343,47.62,14.94,0.019799999999999998,0.0124
XLRN,0.42,5.53,0.0805,0.0738,0.2361,-0.011200000000000002,1.0277,62.85,134.72,0.0368,0.0059
XP,,1.99,0.06570000000000001,0.1747,0.19510000000000002,-0.056600000000000004,2.2226,64.41,49.95,0.0159,0.0092
XPEL,1.44,3.36,0.0282,0.0482,0.8244,-0.09630000000000001,6.3227,53.71,54.92,0.0252,0.0049
XPER,0.78,0.66,0.0408,0.0467,0.36219999999999997,-0.0177,1.4084,59.26,21.7,0.025,0.004699999999999999
XPO,2.21,4.03,0.0116,0.0002,0.2673,-0.0706,2.1061,51.06,119.49,0.0043,0.0064
YEXT,1.53,0.74,0.1143,0.184,0.19219999999999998,-0.044000000000000004,1.3341,69.16,19.98,0.0406,0.0089
YY,1.12,8.31,0.1346,0.3447,0.512,-0.1445,2.0891,62.71,127.36,-0.0902,0.032799999999999996
ZBRA,1.67,13.38,0.1593,0.22010000000000002,0.5803,0.0049,2.2716,81.04,490.94,0.014499999999999999,0.0131
ZI,,3.1,0.0384,0.1487,0.2612,-0.15,0.7755,57.8,54.74,-0.020099999999999996,0.0098
ZIXI,1.17,0.45,0.1066,0.17670000000000002,0.4459,-0.0141,2.5650999999999997,68.7,10.13,0.0025,0.0151
ZLAB,1.17,8.1,0.0028000000000000004,0.16449999999999998,0.7639,-0.09390000000000001,3.0725,56.09,175.36,0.0118,0.0108
ZNGA,0.19,0.48,0.1313,0.2126,0.3139,-0.0098,1.1558,71.89,12.18,-0.0040999999999999995,0.010700000000000001
ZS,,8.74,0.0557,0.1127,0.5639,-0.021,5.457999999999999,63.42,226.03,0.0021,0.0097
ZUO,,0.62,0.0797,0.1801,0.3856,-0.054000000000000006,1.7101,67.71,16.83,0.009000000000000001,0.0085
